id,architect_id,user_id,rating
1,1860,58,3
2,1153,62,6
3,1916,61,5
4,2680,51,6
5,249,5,10
6,2503,66,2
7,1561,87,3
8,2293,94,5
9,1452,68,4
10,675,58,6
11,462,94,6
12,1639,69,9
13,2760,50,6
14,2215,63,6
15,1193,32,5
16,2826,58,8
17,525,38,3
18,1360,53,10
19,2642,52,3
20,2732,68,6
21,2429,30,4
22,2497,97,8
23,844,36,1
24,47,46,8
25,2756,94,9
26,1331,93,7
27,1693,10,6
28,521,18,9
29,2646,19,10
30,1706,35,7
31,1898,53,5
32,1079,40,8
33,1991,72,1
34,510,94,1
35,2091,60,5
36,1131,42,1
37,873,34,10
38,2252,30,2
39,362,82,7
40,2033,30,8
41,1771,32,1
42,2243,35,3
43,1402,70,2
44,1497,90,1
45,849,75,2
46,2511,92,9
47,1701,88,6
48,198,71,10
49,99,2,2
50,981,13,5
51,162,56,10
52,1533,76,8
53,1987,32,2
54,2482,21,1
55,1083,78,5
56,1086,78,5
57,1904,62,2
58,859,75,7
59,655,100,6
60,273,100,7
61,2140,64,4
62,2054,70,4
63,972,2,5
64,2535,42,5
65,1379,90,2
66,996,85,1
67,1664,91,6
68,2237,27,4
69,660,62,5
70,1851,74,7
71,525,46,2
72,1354,75,9
73,764,11,2
74,246,4,1
75,787,6,10
76,2309,83,9
77,2234,71,9
78,14,86,7
79,876,28,10
80,1555,51,2
81,602,80,1
82,905,92,1
83,1158,43,5
84,2650,45,9
85,118,10,5
86,2396,18,1
87,57,65,9
88,634,99,6
89,1579,42,2
90,296,46,5
91,400,98,10
92,2670,31,2
93,1840,14,3
94,811,37,2
95,1312,96,10
96,353,30,2
97,2249,58,10
98,608,25,10
99,1400,18,3
100,2359,25,3
101,769,39,8
102,819,3,1
103,525,33,7
104,1022,66,9
105,512,50,8
106,819,54,6
107,1866,86,2
108,2387,67,4
109,1557,31,8
110,1745,1,3
111,1702,16,9
112,133,60,5
113,1820,40,3
114,791,76,10
115,2071,12,3
116,2311,36,10
117,986,42,4
118,1428,62,5
119,832,98,8
120,1166,61,6
121,1642,55,5
122,1567,3,3
123,1892,8,7
124,2302,73,5
125,1662,95,10
126,596,14,5
127,1193,61,8
128,2259,89,3
129,143,58,3
130,46,41,7
131,1880,41,3
132,1541,9,8
133,2396,74,8
134,1061,26,5
135,2342,25,8
136,1234,85,6
137,779,60,10
138,2672,34,9
139,2445,35,7
140,498,46,10
141,1380,100,6
142,2231,12,2
143,988,83,1
144,2813,98,7
145,2166,46,1
146,523,27,2
147,867,67,5
148,907,13,2
149,569,93,4
150,2051,41,7
151,937,75,1
152,2453,27,7
153,2330,61,8
154,1965,54,3
155,976,90,5
156,698,84,7
157,2527,30,4
158,357,41,2
159,667,70,4
160,1047,34,4
161,923,14,2
162,1693,65,8
163,2233,20,9
164,916,100,8
165,1568,100,8
166,230,98,2
167,335,57,3
168,2583,70,6
169,1227,25,9
170,2,96,6
171,1747,5,9
172,2001,43,8
173,2083,91,9
174,267,35,8
175,704,18,6
176,2638,22,1
177,2687,10,5
178,1432,17,4
179,1409,99,1
180,399,56,10
181,2537,4,4
182,2518,92,9
183,140,23,4
184,2578,74,2
185,1058,97,5
186,1756,73,8
187,1560,16,6
188,462,56,1
189,2455,21,6
190,1598,84,3
191,505,57,1
192,1136,97,9
193,1120,14,7
194,1679,40,7
195,1412,98,7
196,25,15,9
197,1174,8,7
198,1775,25,4
199,1128,81,3
200,1509,27,5
201,2811,68,4
202,2150,58,7
203,455,62,6
204,2212,68,8
205,324,1,4
206,1710,90,7
207,1439,18,5
208,1765,11,5
209,318,74,8
210,2219,55,10
211,214,3,6
212,1743,15,1
213,760,54,7
214,2771,80,7
215,2838,9,7
216,2408,76,3
217,200,67,5
218,935,60,5
219,1282,8,2
220,1765,49,6
221,1837,83,3
222,2050,87,6
223,866,82,4
224,61,54,6
225,703,3,4
226,725,45,9
227,866,21,8
228,1727,90,10
229,2527,33,7
230,2609,6,2
231,1418,79,1
232,462,90,5
233,1186,42,5
234,532,36,10
235,913,46,3
236,185,44,3
237,90,14,6
238,711,53,5
239,868,25,4
240,1733,16,7
241,1514,98,2
242,513,82,9
243,2162,9,5
244,1070,74,6
245,812,90,5
246,1195,56,10
247,1263,22,7
248,1897,99,10
249,1291,91,4
250,2290,6,10
251,1414,35,1
252,1489,3,3
253,160,33,2
254,2531,93,3
255,977,71,5
256,1556,42,10
257,691,1,3
258,587,61,9
259,68,100,9
260,301,23,3
261,1712,11,4
262,2145,2,5
263,88,10,8
264,1681,11,1
265,2192,15,10
266,2220,72,5
267,2114,56,3
268,946,52,7
269,217,36,10
270,2005,46,3
271,1982,48,3
272,475,72,9
273,2713,43,4
274,837,95,2
275,1295,66,8
276,53,17,3
277,2791,52,10
278,1226,43,3
279,535,18,3
280,345,54,8
281,2293,39,3
282,997,16,2
283,1074,10,5
284,1892,76,10
285,823,54,4
286,1873,62,8
287,2565,54,3
288,407,85,10
289,205,2,5
290,791,39,8
291,445,43,3
292,1812,87,5
293,383,44,4
294,2458,68,5
295,452,45,6
296,2161,24,5
297,751,60,2
298,2264,69,9
299,2220,97,1
300,2168,9,5
301,2047,12,2
302,1406,5,3
303,1958,6,8
304,975,89,4
305,1125,56,1
306,1554,79,8
307,1100,71,10
308,983,96,8
309,1121,24,8
310,103,41,5
311,295,35,3
312,1709,73,8
313,1740,91,9
314,918,43,7
315,41,17,2
316,1473,79,10
317,665,54,3
318,2810,13,5
319,443,50,4
320,387,100,3
321,1023,32,1
322,220,36,4
323,1294,69,9
324,961,57,1
325,24,76,7
326,261,23,7
327,2611,52,2
328,2495,42,9
329,941,79,5
330,1120,41,1
331,2702,33,10
332,717,91,1
333,2683,8,5
334,317,46,6
335,404,37,6
336,358,76,7
337,1452,89,3
338,866,69,8
339,2161,71,8
340,2637,4,8
341,225,47,7
342,657,100,9
343,738,48,4
344,398,73,8
345,2797,94,9
346,888,91,5
347,127,93,4
348,497,42,1
349,2530,48,6
350,1987,86,8
351,622,50,8
352,1782,20,8
353,473,21,3
354,2836,63,3
355,1979,82,10
356,2568,63,9
357,2217,43,10
358,1347,3,6
359,1407,58,2
360,1993,61,10
361,737,80,10
362,2712,25,9
363,2798,46,9
364,1628,18,5
365,2042,78,4
366,1800,68,10
367,2402,44,9
368,518,51,10
369,402,76,10
370,1684,6,4
371,165,90,4
372,2258,94,3
373,393,43,2
374,2297,81,6
375,2636,43,6
376,2329,89,6
377,1015,70,5
378,2126,18,1
379,2776,61,8
380,1130,19,6
381,633,66,6
382,981,13,1
383,315,90,7
384,393,77,10
385,1674,66,3
386,304,42,4
387,1597,83,2
388,2682,89,6
389,2720,39,4
390,1810,60,8
391,1231,25,9
392,8,20,4
393,35,33,4
394,1912,13,5
395,2085,73,2
396,1251,8,2
397,2365,92,2
398,2024,26,2
399,1326,56,9
400,2746,3,8
401,700,38,9
402,275,84,8
403,296,68,7
404,925,82,1
405,660,13,9
406,1472,70,3
407,372,80,5
408,221,19,3
409,1178,42,7
410,1075,87,9
411,270,68,6
412,1838,51,1
413,1730,80,6
414,2837,23,2
415,1648,80,6
416,441,91,4
417,1205,3,7
418,2604,54,5
419,98,8,5
420,2015,88,10
421,1084,76,3
422,858,43,8
423,2763,7,8
424,1786,49,5
425,2612,29,2
426,118,75,5
427,1283,84,1
428,1360,17,6
429,989,76,4
430,2765,85,1
431,2633,48,2
432,907,32,5
433,2830,60,10
434,2498,10,1
435,2746,92,7
436,1062,12,6
437,986,21,5
438,286,26,3
439,1334,29,9
440,1300,34,5
441,1609,41,2
442,1222,53,10
443,454,75,8
444,1177,15,9
445,2084,23,3
446,1277,1,2
447,2340,93,4
448,1675,7,9
449,1082,17,2
450,2118,78,6
451,1104,96,2
452,1564,50,1
453,1996,2,7
454,607,51,5
455,1092,92,1
456,1809,18,6
457,368,76,8
458,1874,94,8
459,376,51,1
460,1393,80,1
461,727,81,4
462,1669,81,4
463,441,45,7
464,371,18,2
465,916,78,7
466,943,81,9
467,703,5,5
468,2832,57,7
469,1583,17,3
470,231,58,9
471,447,68,8
472,1439,76,7
473,1068,26,3
474,23,58,1
475,76,26,4
476,1301,32,3
477,1042,25,10
478,2579,79,9
479,206,15,4
480,777,59,7
481,1624,98,8
482,2694,38,6
483,12,94,2
484,1727,91,10
485,1812,66,1
486,2618,63,2
487,260,23,7
488,2409,95,9
489,1468,40,3
490,1957,96,10
491,1123,24,6
492,2734,84,2
493,920,72,1
494,874,30,2
495,1350,57,8
496,639,20,5
497,2670,88,4
498,382,58,2
499,1728,30,5
500,996,33,4
501,2054,60,10
502,1330,81,8
503,2381,63,6
504,2280,91,6
505,757,56,4
506,2664,26,5
507,156,44,6
508,2417,31,5
509,2560,83,3
510,2247,34,1
511,2106,8,10
512,2413,15,2
513,1295,27,5
514,228,71,1
515,711,92,7
516,2078,15,1
517,43,2,7
518,1784,88,1
519,2613,98,1
520,1633,56,6
521,2531,78,5
522,1800,18,4
523,994,1,9
524,1434,30,4
525,2225,67,7
526,1757,88,6
527,33,15,3
528,462,97,3
529,247,89,4
530,2317,22,3
531,478,90,9
532,320,62,9
533,1352,18,6
534,926,40,2
535,40,35,5
536,2134,9,4
537,2206,13,3
538,140,1,2
539,32,24,3
540,1159,99,1
541,1871,88,4
542,2563,55,8
543,722,51,2
544,1409,63,3
545,2281,23,4
546,1193,5,3
547,477,65,1
548,954,40,2
549,973,55,7
550,611,92,1
551,1975,22,4
552,1936,41,7
553,2770,23,8
554,984,46,2
555,2737,100,5
556,26,77,3
557,688,62,7
558,609,73,3
559,1949,76,10
560,724,28,2
561,992,98,3
562,1037,27,3
563,295,99,4
564,2794,81,8
565,1912,83,9
566,201,82,7
567,916,48,6
568,2216,100,6
569,1808,33,9
570,1814,99,2
571,1472,81,7
572,1385,42,7
573,997,13,2
574,2033,17,10
575,2119,70,1
576,1249,31,9
577,608,82,6
578,1712,99,3
579,2245,34,9
580,301,16,10
581,2700,55,7
582,1305,49,9
583,1891,64,9
584,1816,71,4
585,1724,73,9
586,1456,67,5
587,604,83,9
588,2788,78,8
589,807,52,10
590,1404,49,6
591,1640,99,4
592,602,71,8
593,2031,26,4
594,1021,23,10
595,213,36,4
596,766,26,1
597,2205,75,6
598,2650,45,4
599,167,66,2
600,2378,62,10
601,811,87,9
602,46,81,6
603,1381,51,10
604,117,54,8
605,1262,88,4
606,2119,83,6
607,1597,22,9
608,2662,48,5
609,1379,99,6
610,506,29,8
611,159,51,9
612,1030,9,4
613,1370,50,5
614,994,95,4
615,2118,18,6
616,2424,66,10
617,2263,17,9
618,1364,68,7
619,1413,65,7
620,214,53,10
621,1460,29,6
622,2449,53,3
623,1291,21,7
624,1476,29,2
625,866,3,6
626,1396,53,9
627,448,8,3
628,1620,38,3
629,2822,54,7
630,1588,64,9
631,2834,15,3
632,2256,1,6
633,752,33,10
634,339,2,6
635,1502,84,7
636,662,17,9
637,382,57,3
638,793,14,6
639,2482,85,5
640,902,21,1
641,382,77,2
642,1846,48,10
643,2031,11,2
644,2209,70,7
645,1389,40,9
646,1838,7,7
647,862,50,9
648,91,47,8
649,2766,39,8
650,1482,88,3
651,1552,32,4
652,1312,4,1
653,1543,68,8
654,387,75,3
655,1341,3,10
656,879,85,5
657,2044,22,3
658,1986,93,6
659,2488,37,6
660,906,8,10
661,1719,42,10
662,1079,97,1
663,482,80,10
664,1919,10,7
665,1691,94,5
666,814,74,6
667,2379,34,1
668,1284,20,5
669,1824,62,3
670,1973,29,2
671,986,36,7
672,592,92,7
673,1738,17,3
674,1505,11,6
675,1527,33,10
676,2587,31,9
677,2817,80,9
678,2745,80,5
679,1791,15,5
680,1596,63,1
681,985,51,6
682,2021,54,3
683,1304,15,9
684,2407,93,8
685,2034,2,4
686,2461,70,3
687,701,29,1
688,846,14,7
689,2809,79,2
690,2755,32,5
691,58,64,1
692,192,4,8
693,82,82,3
694,1783,5,4
695,1832,50,2
696,2112,66,6
697,2187,84,10
698,2638,49,2
699,566,23,6
700,2478,72,6
701,852,98,9
702,1406,1,4
703,2087,70,7
704,1611,11,7
705,366,1,9
706,2837,49,2
707,1578,41,5
708,1324,25,7
709,369,85,4
710,16,20,7
711,2551,1,7
712,409,55,10
713,1384,45,5
714,2799,11,8
715,2511,14,6
716,1622,91,10
717,1487,38,7
718,2477,82,3
719,2090,64,10
720,1133,47,1
721,823,12,2
722,1765,44,4
723,198,8,1
724,599,87,10
725,1686,1,1
726,285,20,5
727,547,81,7
728,2368,53,4
729,2217,15,9
730,7,94,1
731,2148,87,2
732,2514,7,1
733,1794,1,7
734,514,29,3
735,1945,51,10
736,2223,19,8
737,1617,66,5
738,2011,11,2
739,2832,15,9
740,134,57,7
741,139,49,9
742,2085,14,7
743,2,56,2
744,394,22,9
745,2046,15,3
746,2014,56,3
747,738,16,9
748,928,62,1
749,2397,48,9
750,163,52,3
751,1557,28,1
752,800,72,2
753,42,21,3
754,1477,82,7
755,2102,89,6
756,1548,6,10
757,1496,27,5
758,939,21,6
759,33,58,1
760,1369,74,1
761,2049,83,6
762,2772,84,3
763,600,66,4
764,1429,82,8
765,820,78,8
766,606,16,9
767,647,76,2
768,2165,79,5
769,1448,68,5
770,504,92,6
771,204,56,8
772,1498,36,1
773,414,54,4
774,2419,32,8
775,1264,47,5
776,161,17,1
777,1703,64,2
778,1181,62,1
779,2767,7,10
780,815,79,2
781,203,81,4
782,184,10,9
783,2482,68,1
784,1817,79,4
785,2188,24,1
786,537,71,5
787,267,67,10
788,1516,44,3
789,1351,32,3
790,2355,57,10
791,2253,53,7
792,1892,40,10
793,1977,7,1
794,1592,63,7
795,2166,34,6
796,118,76,7
797,1143,43,2
798,2642,73,4
799,2473,31,9
800,1875,21,4
801,2835,93,4
802,1599,25,3
803,2805,31,9
804,2035,68,4
805,1322,21,4
806,2420,77,6
807,1550,36,1
808,2739,78,5
809,1133,59,10
810,1272,7,3
811,1463,86,2
812,1107,87,3
813,973,79,4
814,733,2,7
815,1210,52,1
816,2224,40,1
817,2390,100,4
818,2685,81,5
819,112,76,10
820,224,8,5
821,1301,75,1
822,1952,97,2
823,569,42,9
824,2830,23,8
825,2153,51,9
826,1513,39,9
827,14,92,2
828,1107,66,4
829,1383,89,1
830,1593,85,2
831,489,83,9
832,2186,71,9
833,2415,4,10
834,244,55,4
835,1926,41,2
836,2189,28,10
837,757,70,3
838,2315,35,6
839,1548,78,4
840,1412,69,4
841,538,95,5
842,909,11,6
843,1699,12,7
844,549,75,2
845,1328,95,4
846,171,20,7
847,829,36,3
848,2475,2,10
849,1591,85,4
850,2618,56,5
851,86,17,5
852,553,98,10
853,2029,78,9
854,1842,54,8
855,1240,54,3
856,1261,31,6
857,2512,32,6
858,1582,25,8
859,975,19,3
860,2061,69,4
861,917,16,3
862,846,96,8
863,886,65,9
864,1446,89,6
865,1573,36,10
866,2307,49,2
867,1759,33,6
868,133,76,10
869,519,96,5
870,213,67,8
871,2230,30,5
872,1811,19,8
873,2241,84,6
874,1563,73,3
875,2713,4,10
876,2396,77,4
877,2462,91,9
878,2219,8,6
879,472,61,3
880,469,8,3
881,971,17,9
882,831,21,5
883,1212,20,3
884,278,99,2
885,668,32,9
886,40,11,3
887,1575,44,6
888,614,82,7
889,1069,69,2
890,1030,67,6
891,2438,62,1
892,2099,85,3
893,1108,90,3
894,1037,25,8
895,1446,29,10
896,149,33,6
897,381,75,5
898,2668,100,1
899,201,56,1
900,2332,72,4
901,1691,52,7
902,1640,25,1
903,1559,11,10
904,2058,32,9
905,2472,33,3
906,217,83,9
907,192,52,6
908,1800,33,9
909,1139,71,10
910,427,53,9
911,652,71,9
912,1382,57,6
913,127,23,10
914,1234,26,2
915,1314,95,4
916,891,8,7
917,1483,44,7
918,881,31,6
919,1146,4,2
920,745,2,5
921,149,25,7
922,1133,30,9
923,196,50,4
924,85,25,2
925,319,49,10
926,2317,67,8
927,42,12,2
928,799,69,7
929,1881,16,7
930,315,20,10
931,137,16,4
932,2364,31,7
933,1855,80,8
934,746,58,2
935,1176,10,3
936,500,45,2
937,2322,80,5
938,1766,49,8
939,1598,17,9
940,1776,76,4
941,1420,79,1
942,835,36,9
943,1576,36,8
944,767,62,8
945,196,72,1
946,2328,62,4
947,324,70,9
948,2618,86,2
949,331,82,5
950,2002,25,4
951,2630,18,6
952,1791,91,4
953,2149,55,1
954,1839,80,8
955,290,5,8
956,1510,1,4
957,179,65,3
958,86,73,6
959,324,85,10
960,2307,98,6
961,1927,63,2
962,2319,94,4
963,1338,72,9
964,2411,83,7
965,1731,27,10
966,977,38,7
967,2277,72,5
968,2682,48,3
969,1411,55,1
970,1480,31,4
971,2014,13,6
972,146,76,3
973,817,44,6
974,1275,68,9
975,1720,83,3
976,1993,27,5
977,2050,93,1
978,672,45,2
979,984,72,4
980,591,91,1
981,2391,52,8
982,2239,53,5
983,53,30,3
984,2220,50,10
985,459,36,5
986,58,38,10
987,852,1,9
988,2546,83,9
989,1575,16,5
990,1312,82,10
991,299,8,3
992,1148,8,7
993,1718,3,8
994,1696,77,4
995,2326,52,9
996,764,18,10
997,2746,93,7
998,1327,26,10
999,1041,64,3
1000,772,77,8
1001,2639,37,6
1002,2165,14,9
1003,1368,62,2
1004,1737,19,7
1005,1698,25,6
1006,157,19,6
1007,1151,55,6
1008,1656,13,5
1009,615,83,8
1010,580,92,7
1011,1290,85,10
1012,89,95,2
1013,2053,38,2
1014,2185,40,7
1015,425,19,7
1016,1150,88,8
1017,417,17,8
1018,1098,19,9
1019,794,13,7
1020,483,61,2
1021,1826,40,7
1022,2095,45,9
1023,1777,85,6
1024,1,4,2
1025,1822,15,5
1026,1575,67,9
1027,2192,86,8
1028,2682,73,1
1029,1966,79,6
1030,426,82,5
1031,2616,77,10
1032,74,100,4
1033,685,49,8
1034,2334,75,9
1035,479,37,2
1036,1841,50,7
1037,1978,6,9
1038,160,48,6
1039,134,10,1
1040,1449,72,5
1041,2516,59,8
1042,408,28,2
1043,2746,74,9
1044,342,77,6
1045,2043,44,8
1046,482,51,2
1047,2584,58,9
1048,2358,72,5
1049,2060,5,1
1050,711,60,9
1051,1495,65,7
1052,653,28,2
1053,281,69,3
1054,1788,25,10
1055,210,72,2
1056,669,12,10
1057,1011,90,3
1058,799,30,10
1059,74,74,1
1060,122,28,2
1061,594,44,6
1062,564,22,3
1063,1254,66,1
1064,1975,73,8
1065,2655,23,2
1066,954,12,6
1067,2324,80,2
1068,1811,91,4
1069,449,85,8
1070,328,28,6
1071,121,87,8
1072,1100,83,4
1073,2371,33,5
1074,1138,7,2
1075,923,14,3
1076,260,77,1
1077,538,89,8
1078,1904,98,9
1079,224,96,3
1080,218,68,9
1081,1086,82,6
1082,1962,30,1
1083,808,98,7
1084,2723,4,10
1085,3,28,3
1086,335,26,10
1087,153,53,9
1088,454,9,2
1089,2841,42,8
1090,1296,17,9
1091,1384,28,8
1092,856,19,1
1093,928,74,10
1094,1050,38,10
1095,472,36,7
1096,2454,79,5
1097,2133,4,4
1098,2052,7,9
1099,2077,17,8
1100,2270,22,3
1101,2328,81,7
1102,314,61,1
1103,1279,41,1
1104,1461,43,10
1105,760,62,1
1106,1157,5,5
1107,1195,74,3
1108,362,24,8
1109,1712,72,8
1110,2764,84,6
1111,468,38,4
1112,791,2,9
1113,2736,31,4
1114,1491,88,10
1115,1307,38,5
1116,2840,21,2
1117,956,34,8
1118,2149,14,5
1119,1883,42,4
1120,1936,17,3
1121,1516,74,1
1122,1497,46,7
1123,210,90,5
1124,1410,18,3
1125,1040,62,9
1126,2249,58,1
1127,2062,90,10
1128,2332,35,7
1129,1411,19,7
1130,1744,59,10
1131,207,3,8
1132,2473,20,3
1133,2074,7,6
1134,1054,62,8
1135,1228,19,3
1136,2424,75,9
1137,2086,19,3
1138,1918,83,7
1139,2251,4,6
1140,381,99,5
1141,2288,42,4
1142,217,49,9
1143,2611,100,2
1144,1542,95,4
1145,1669,67,3
1146,249,47,9
1147,1474,36,2
1148,2527,49,3
1149,771,53,4
1150,2710,32,8
1151,1275,48,3
1152,2193,38,10
1153,2447,92,1
1154,2388,95,2
1155,1665,27,5
1156,2805,73,1
1157,1260,17,9
1158,1478,9,6
1159,280,52,3
1160,2033,16,2
1161,49,52,7
1162,241,89,8
1163,329,92,5
1164,2267,82,7
1165,1602,84,3
1166,1753,17,4
1167,2645,60,3
1168,1770,61,8
1169,2474,10,6
1170,2122,14,5
1171,1410,32,8
1172,779,91,1
1173,763,56,1
1174,2393,25,7
1175,1115,95,10
1176,1024,69,10
1177,601,38,2
1178,2753,40,2
1179,41,43,2
1180,1916,50,5
1181,1787,39,6
1182,175,57,2
1183,1458,14,3
1184,2073,39,4
1185,1506,73,7
1186,2842,23,2
1187,650,82,5
1188,15,36,8
1189,1947,67,1
1190,951,44,2
1191,1237,50,3
1192,1968,24,4
1193,2639,25,5
1194,1281,63,8
1195,1183,28,3
1196,138,73,4
1197,143,48,1
1198,915,70,10
1199,2212,51,4
1200,2208,18,7
1201,763,63,3
1202,1651,95,9
1203,1446,68,3
1204,1172,85,5
1205,2367,4,8
1206,2609,97,1
1207,1499,82,9
1208,2443,9,3
1209,1521,82,3
1210,2120,53,9
1211,1679,100,3
1212,1993,25,3
1213,2493,71,7
1214,227,26,2
1215,461,33,10
1216,1757,34,10
1217,661,33,9
1218,548,13,9
1219,631,50,6
1220,204,80,5
1221,2320,41,5
1222,893,73,3
1223,1076,86,1
1224,1689,50,2
1225,1475,79,4
1226,1409,48,6
1227,2660,79,9
1228,2559,31,3
1229,263,39,8
1230,1605,96,8
1231,1896,52,8
1232,1696,94,6
1233,1464,88,7
1234,1062,76,4
1235,1095,78,9
1236,2509,3,1
1237,2499,37,9
1238,2588,80,8
1239,1562,10,2
1240,757,19,5
1241,1100,100,2
1242,2348,51,3
1243,1348,100,1
1244,195,45,8
1245,1996,38,3
1246,1517,61,7
1247,572,10,4
1248,1546,6,6
1249,2260,8,2
1250,2810,10,4
1251,2237,88,6
1252,1847,20,9
1253,1591,66,10
1254,1051,9,2
1255,2124,47,9
1256,67,27,9
1257,2562,73,2
1258,1178,91,1
1259,2083,8,9
1260,1920,45,1
1261,539,89,9
1262,260,75,8
1263,2239,91,6
1264,280,90,7
1265,777,10,5
1266,2557,70,8
1267,585,18,1
1268,1320,63,5
1269,1374,89,4
1270,452,98,8
1271,2327,45,5
1272,165,68,6
1273,706,44,6
1274,430,2,3
1275,1613,81,9
1276,2267,41,3
1277,661,15,3
1278,1599,60,9
1279,1910,44,9
1280,2413,66,3
1281,2021,84,8
1282,68,95,4
1283,686,87,8
1284,1160,59,5
1285,2689,93,5
1286,1209,82,8
1287,2304,70,3
1288,1525,97,6
1289,45,27,9
1290,470,7,3
1291,558,97,9
1292,2784,87,7
1293,493,23,9
1294,2028,72,4
1295,282,30,8
1296,2109,8,3
1297,2346,10,10
1298,1258,55,8
1299,1875,63,10
1300,1360,24,6
1301,1224,98,4
1302,2542,73,3
1303,620,73,5
1304,785,82,10
1305,7,60,6
1306,775,98,9
1307,1318,81,4
1308,1335,32,1
1309,2725,99,10
1310,761,98,5
1311,755,49,4
1312,2453,18,8
1313,2320,53,6
1314,1485,10,3
1315,2401,13,5
1316,1932,85,6
1317,105,25,3
1318,975,96,6
1319,1019,76,1
1320,2130,3,6
1321,2761,10,1
1322,26,76,1
1323,1572,63,3
1324,2834,5,5
1325,856,11,8
1326,932,55,3
1327,2596,43,7
1328,885,58,1
1329,846,84,2
1330,939,57,3
1331,1975,61,3
1332,12,93,7
1333,856,87,5
1334,2752,25,9
1335,2443,95,1
1336,1725,95,5
1337,844,100,9
1338,1760,79,3
1339,155,61,3
1340,2147,40,9
1341,442,8,1
1342,899,94,6
1343,1707,33,6
1344,686,87,4
1345,868,23,8
1346,2416,68,2
1347,229,48,2
1348,468,50,8
1349,1278,65,2
1350,2744,42,2
1351,1609,68,4
1352,2626,59,9
1353,970,99,10
1354,1192,54,1
1355,332,75,6
1356,1307,39,7
1357,1899,8,4
1358,2631,79,9
1359,1028,31,2
1360,1178,75,8
1361,1664,8,4
1362,306,65,5
1363,2704,67,2
1364,2650,38,7
1365,1019,77,4
1366,533,98,6
1367,994,64,5
1368,2219,37,6
1369,1312,14,9
1370,2739,26,4
1371,582,52,6
1372,779,75,2
1373,1113,58,2
1374,1605,59,1
1375,1914,97,2
1376,656,69,9
1377,392,26,9
1378,2226,41,5
1379,2542,10,1
1380,2710,36,1
1381,1962,3,2
1382,1817,82,7
1383,747,38,3
1384,1033,39,6
1385,757,79,3
1386,1241,59,1
1387,54,92,6
1388,1154,31,9
1389,843,3,5
1390,1589,59,6
1391,2200,60,3
1392,2220,68,5
1393,97,19,8
1394,2224,92,2
1395,1645,48,3
1396,2822,71,10
1397,1958,18,8
1398,339,28,1
1399,316,63,4
1400,1001,27,10
1401,2300,86,6
1402,2318,31,8
1403,2117,43,3
1404,2675,72,1
1405,912,41,8
1406,900,18,6
1407,1350,53,10
1408,1031,33,6
1409,954,33,5
1410,1257,36,7
1411,1434,44,7
1412,583,26,5
1413,2292,92,2
1414,1532,92,5
1415,21,54,1
1416,858,8,5
1417,580,15,7
1418,438,67,6
1419,853,19,1
1420,1887,89,9
1421,1789,56,6
1422,2475,62,6
1423,2074,81,4
1424,2755,41,4
1425,2790,36,7
1426,736,54,3
1427,571,57,2
1428,2557,26,8
1429,864,72,9
1430,2202,53,5
1431,1316,72,4
1432,65,30,5
1433,2748,26,10
1434,529,9,1
1435,932,53,2
1436,130,64,3
1437,1813,75,6
1438,868,65,3
1439,2366,7,2
1440,237,39,3
1441,2027,34,3
1442,2496,68,3
1443,705,15,10
1444,1107,41,3
1445,595,63,1
1446,1733,32,5
1447,1239,52,2
1448,1954,64,2
1449,1555,44,2
1450,778,42,5
1451,966,92,6
1452,215,9,5
1453,1754,93,6
1454,1302,89,9
1455,1933,29,4
1456,125,69,2
1457,384,99,1
1458,2708,44,8
1459,2823,7,7
1460,1387,49,9
1461,2120,32,2
1462,2073,80,10
1463,1653,76,3
1464,2244,41,4
1465,636,61,10
1466,2197,79,7
1467,1864,8,1
1468,741,31,8
1469,2842,45,1
1470,848,11,8
1471,1517,30,1
1472,2494,25,6
1473,1409,89,10
1474,232,42,2
1475,52,74,4
1476,519,4,3
1477,2799,46,10
1478,1766,20,4
1479,85,52,8
1480,1719,90,5
1481,1499,72,2
1482,2095,60,8
1483,2648,9,1
1484,1600,61,8
1485,2676,100,6
1486,1067,11,10
1487,92,90,9
1488,1199,61,10
1489,1069,100,9
1490,201,37,5
1491,208,58,10
1492,2112,10,2
1493,2186,6,3
1494,298,16,4
1495,771,75,5
1496,234,31,4
1497,1641,98,8
1498,2237,65,7
1499,2575,1,6
1500,2586,40,7
1501,727,67,10
1502,363,54,3
1503,853,12,7
1504,2837,14,10
1505,2168,58,9
1506,1993,29,1
1507,507,47,3
1508,2747,58,6
1509,7,15,2
1510,2342,12,6
1511,755,98,8
1512,312,23,2
1513,1154,49,9
1514,1168,33,4
1515,2385,60,1
1516,1856,100,10
1517,739,94,9
1518,1396,61,10
1519,883,90,3
1520,1119,94,9
1521,2274,86,2
1522,1844,84,9
1523,1193,88,8
1524,958,73,3
1525,342,93,2
1526,764,67,9
1527,687,50,9
1528,498,52,6
1529,1452,18,2
1530,449,5,10
1531,2710,17,3
1532,1933,75,9
1533,895,1,9
1534,1516,2,6
1535,1228,10,10
1536,681,31,5
1537,1873,22,8
1538,1579,23,8
1539,567,99,10
1540,2375,21,9
1541,639,76,10
1542,1632,93,3
1543,967,63,9
1544,1984,87,10
1545,593,98,1
1546,396,3,10
1547,2790,92,10
1548,938,41,5
1549,2618,19,8
1550,1628,13,1
1551,2816,29,3
1552,114,45,2
1553,1137,14,6
1554,597,21,6
1555,307,43,4
1556,2632,93,4
1557,8,95,10
1558,407,45,2
1559,97,77,3
1560,1482,97,6
1561,948,31,1
1562,2608,36,7
1563,2005,3,9
1564,415,16,8
1565,1792,83,4
1566,2157,25,8
1567,509,14,1
1568,2205,85,1
1569,2516,38,7
1570,907,6,2
1571,121,91,9
1572,826,48,10
1573,1112,98,9
1574,2037,83,3
1575,1167,59,1
1576,1753,13,1
1577,2740,89,10
1578,1162,23,1
1579,2165,27,9
1580,882,92,7
1581,2751,62,6
1582,2733,15,2
1583,1566,50,3
1584,2723,32,3
1585,838,84,5
1586,1088,82,1
1587,1113,3,6
1588,2768,35,2
1589,801,32,2
1590,1149,51,8
1591,1660,44,5
1592,11,12,9
1593,753,64,9
1594,592,57,3
1595,2810,21,4
1596,2022,27,8
1597,2058,57,8
1598,268,75,3
1599,2529,78,10
1600,872,19,7
1601,1728,1,6
1602,2213,52,7
1603,1162,32,8
1604,1459,87,1
1605,872,64,4
1606,2737,24,8
1607,2632,7,8
1608,2056,17,9
1609,1974,66,10
1610,182,29,7
1611,567,28,7
1612,440,45,5
1613,1423,69,6
1614,2457,28,1
1615,2529,21,9
1616,891,46,7
1617,1885,51,10
1618,1559,28,3
1619,2638,13,10
1620,162,96,4
1621,1059,25,5
1622,445,83,9
1623,1553,11,8
1624,2547,57,7
1625,1369,17,8
1626,1524,6,9
1627,1185,68,6
1628,2614,52,4
1629,1807,34,6
1630,2036,4,8
1631,2374,15,6
1632,1843,83,5
1633,749,63,10
1634,1067,10,6
1635,2812,50,3
1636,848,49,2
1637,1280,44,1
1638,1525,91,8
1639,1141,54,2
1640,2529,3,10
1641,2442,67,7
1642,1711,67,5
1643,1738,72,10
1644,2158,47,2
1645,1378,26,6
1646,841,32,8
1647,2316,60,5
1648,1188,88,2
1649,16,39,7
1650,488,38,4
1651,4,90,5
1652,516,74,1
1653,2703,35,8
1654,1525,79,10
1655,1598,15,3
1656,280,2,4
1657,2775,45,8
1658,2705,33,8
1659,1896,95,5
1660,1880,52,7
1661,175,76,5
1662,2548,62,2
1663,1249,66,4
1664,2601,75,2
1665,824,13,5
1666,1900,93,10
1667,341,87,5
1668,523,52,2
1669,426,92,9
1670,1587,53,10
1671,719,27,9
1672,975,69,5
1673,2272,94,2
1674,538,19,10
1675,85,94,4
1676,2527,31,6
1677,2420,85,2
1678,2100,100,10
1679,1952,15,10
1680,1930,73,1
1681,2609,64,1
1682,758,39,2
1683,1512,80,7
1684,1284,99,2
1685,2663,32,1
1686,2304,53,5
1687,1373,88,9
1688,1114,27,3
1689,2028,17,2
1690,337,70,3
1691,76,96,2
1692,2295,13,4
1693,780,35,9
1694,440,70,3
1695,2701,89,9
1696,196,98,4
1697,1762,25,2
1698,1780,3,3
1699,23,49,9
1700,590,42,8
1701,371,17,3
1702,1660,65,3
1703,997,69,4
1704,1209,15,1
1705,2522,2,4
1706,1919,72,6
1707,2837,31,9
1708,1001,99,8
1709,2261,31,6
1710,1414,69,7
1711,798,75,2
1712,221,62,2
1713,167,87,2
1714,1763,39,1
1715,1955,28,7
1716,1260,6,6
1717,476,19,1
1718,2114,74,10
1719,670,50,5
1720,2678,87,10
1721,881,41,9
1722,860,38,1
1723,1472,58,3
1724,1421,73,5
1725,1198,62,8
1726,1742,48,6
1727,2153,86,10
1728,2245,54,5
1729,632,45,8
1730,1416,19,7
1731,2516,97,10
1732,1891,24,9
1733,1099,87,1
1734,364,25,8
1735,1530,62,8
1736,1451,13,3
1737,1793,90,9
1738,51,14,1
1739,1431,70,8
1740,34,10,4
1741,1201,42,4
1742,667,11,2
1743,134,9,7
1744,1982,44,5
1745,1313,22,8
1746,2541,99,9
1747,884,85,2
1748,2357,75,2
1749,121,23,4
1750,1969,51,2
1751,630,39,1
1752,2667,89,5
1753,1457,17,5
1754,2170,15,4
1755,508,14,10
1756,2078,76,8
1757,788,73,10
1758,2189,14,7
1759,573,93,1
1760,844,49,8
1761,2331,87,7
1762,985,3,9
1763,28,42,8
1764,2007,58,7
1765,1500,95,9
1766,1864,13,9
1767,954,50,3
1768,1878,9,8
1769,2747,53,3
1770,150,79,6
1771,1752,1,9
1772,42,38,5
1773,1878,89,4
1774,56,18,3
1775,452,24,2
1776,2295,64,7
1777,2033,65,1
1778,658,15,8
1779,1816,57,7
1780,341,55,5
1781,438,78,7
1782,214,4,1
1783,1107,47,8
1784,2065,20,3
1785,1811,73,8
1786,1458,71,6
1787,2643,48,9
1788,1235,5,7
1789,734,8,7
1790,2722,85,2
1791,325,11,4
1792,577,69,2
1793,926,49,7
1794,313,47,5
1795,1320,61,2
1796,2306,58,5
1797,2810,10,4
1798,801,19,4
1799,1219,5,7
1800,1542,74,5
1801,554,74,10
1802,2662,14,3
1803,289,84,1
1804,427,84,6
1805,2595,85,8
1806,318,27,10
1807,267,97,3
1808,1648,84,4
1809,2223,96,5
1810,2843,78,8
1811,1564,42,7
1812,291,72,2
1813,1875,20,2
1814,71,59,9
1815,1043,15,10
1816,813,64,10
1817,975,38,2
1818,2306,63,10
1819,821,6,6
1820,1545,65,2
1821,2475,30,9
1822,1615,90,6
1823,2457,86,3
1824,2008,42,2
1825,1678,19,8
1826,1490,96,1
1827,715,6,7
1828,1801,2,7
1829,1461,51,10
1830,929,48,8
1831,2004,96,6
1832,1215,70,7
1833,862,66,2
1834,1842,6,4
1835,2045,72,2
1836,1376,18,6
1837,1270,59,4
1838,1446,2,4
1839,1663,10,7
1840,1039,18,3
1841,1791,84,6
1842,280,70,7
1843,1168,100,4
1844,1860,31,1
1845,371,55,6
1846,622,14,8
1847,1217,68,9
1848,2021,88,9
1849,2076,55,1
1850,81,6,10
1851,1211,62,3
1852,957,49,9
1853,16,18,4
1854,922,6,7
1855,764,40,6
1856,1012,19,10
1857,599,89,5
1858,2434,1,5
1859,863,70,8
1860,1705,9,1
1861,992,2,1
1862,1752,33,5
1863,2263,54,1
1864,2121,44,4
1865,2352,53,10
1866,2577,15,2
1867,1879,8,2
1868,1381,29,2
1869,110,86,9
1870,2698,73,2
1871,2002,1,5
1872,2745,97,4
1873,2672,12,7
1874,1350,95,9
1875,902,60,4
1876,1457,94,10
1877,1947,79,2
1878,2418,17,7
1879,2706,14,3
1880,1477,52,8
1881,1517,7,10
1882,257,99,5
1883,676,20,3
1884,143,66,5
1885,1544,8,2
1886,482,32,3
1887,2654,91,7
1888,377,74,5
1889,1356,4,3
1890,1146,41,1
1891,435,32,1
1892,2606,91,2
1893,683,45,10
1894,1783,15,5
1895,281,74,2
1896,226,26,1
1897,1974,71,9
1898,2770,64,6
1899,1701,10,5
1900,973,88,7
1901,1756,85,1
1902,1210,85,1
1903,1696,92,7
1904,108,57,9
1905,1996,76,1
1906,2014,2,9
1907,836,35,8
1908,2749,50,7
1909,1173,77,6
1910,780,74,5
1911,1017,16,2
1912,1378,49,9
1913,862,41,7
1914,1977,6,5
1915,726,28,3
1916,1904,100,5
1917,1439,59,1
1918,222,75,5
1919,2834,36,6
1920,751,68,4
1921,2429,95,5
1922,1861,9,7
1923,1678,81,5
1924,131,42,3
1925,2307,13,5
1926,1856,88,8
1927,121,58,1
1928,1132,7,4
1929,122,54,8
1930,861,75,6
1931,38,21,9
1932,383,49,4
1933,2756,48,6
1934,72,5,1
1935,1174,62,1
1936,2684,6,8
1937,1670,48,9
1938,2352,10,10
1939,2731,66,3
1940,617,46,6
1941,679,93,8
1942,2586,6,1
1943,1155,66,10
1944,1290,60,5
1945,2008,4,1
1946,903,82,2
1947,2379,47,8
1948,2618,18,5
1949,1194,4,3
1950,2028,82,5
1951,643,14,6
1952,1213,51,1
1953,787,69,2
1954,1616,50,2
1955,421,51,9
1956,1645,60,2
1957,951,6,9
1958,2143,75,1
1959,118,91,6
1960,1030,99,2
1961,1810,13,8
1962,119,6,5
1963,792,11,5
1964,1335,12,7
1965,1469,14,3
1966,347,19,1
1967,2000,22,5
1968,1852,66,1
1969,1024,2,10
1970,2808,64,9
1971,2403,71,4
1972,1666,86,8
1973,350,77,7
1974,1919,88,5
1975,2422,23,4
1976,1418,96,6
1977,416,15,9
1978,508,34,6
1979,213,7,4
1980,1311,53,9
1981,1591,5,2
1982,2466,55,4
1983,1648,28,6
1984,1448,51,4
1985,2833,54,6
1986,1895,10,6
1987,2570,41,7
1988,1324,98,4
1989,1938,3,7
1990,2768,91,6
1991,1141,14,2
1992,1292,98,9
1993,1066,70,9
1994,2028,9,4
1995,2412,100,1
1996,2561,15,3
1997,434,91,3
1998,2645,6,9
1999,34,73,6
2000,951,70,5
2001,91,43,9
2002,1007,34,6
2003,1144,45,8
2004,2325,70,2
2005,2537,65,4
2006,613,76,10
2007,1486,91,1
2008,1458,49,5
2009,1659,51,2
2010,2053,66,2
2011,350,35,1
2012,621,19,2
2013,1849,86,3
2014,1230,89,3
2015,1746,5,5
2016,162,77,3
2017,1700,77,8
2018,1788,43,3
2019,1841,35,8
2020,2047,62,9
2021,720,80,9
2022,1307,67,9
2023,2656,56,6
2024,33,22,2
2025,29,83,8
2026,2649,1,3
2027,1607,60,2
2028,1527,61,5
2029,2708,42,4
2030,1488,31,6
2031,2195,93,3
2032,1666,28,7
2033,2474,41,4
2034,1348,42,4
2035,1526,82,10
2036,1336,49,4
2037,107,6,5
2038,404,100,2
2039,2053,15,6
2040,2269,87,8
2041,1419,22,5
2042,1720,46,5
2043,544,73,2
2044,2274,95,6
2045,1010,28,10
2046,1539,26,5
2047,812,92,1
2048,1675,6,9
2049,1604,100,8
2050,2299,32,6
2051,2015,46,6
2052,1229,67,4
2053,503,64,2
2054,317,49,3
2055,1294,50,4
2056,1037,33,7
2057,323,33,9
2058,1899,75,1
2059,594,55,6
2060,1737,88,8
2061,227,61,3
2062,531,59,7
2063,1660,81,2
2064,296,79,1
2065,1457,85,2
2066,1345,84,6
2067,82,6,10
2068,842,78,5
2069,1504,93,8
2070,2379,65,10
2071,159,10,7
2072,1188,26,1
2073,59,68,3
2074,2640,31,2
2075,557,45,9
2076,2175,100,6
2077,636,14,7
2078,768,49,1
2079,1853,3,1
2080,2480,62,9
2081,1394,69,1
2082,1384,98,3
2083,2572,74,4
2084,1716,68,9
2085,2600,20,10
2086,896,79,3
2087,1477,16,10
2088,552,30,4
2089,2251,17,4
2090,2004,79,6
2091,2528,80,10
2092,2527,66,8
2093,733,16,6
2094,1076,100,5
2095,1187,93,6
2096,591,15,9
2097,944,27,9
2098,1885,9,6
2099,1247,40,9
2100,1835,33,9
2101,1916,86,7
2102,832,32,9
2103,1431,73,7
2104,1588,13,6
2105,728,47,9
2106,480,11,9
2107,961,59,8
2108,2676,42,10
2109,746,100,7
2110,2570,3,10
2111,13,17,3
2112,1509,78,8
2113,1309,68,1
2114,2747,68,3
2115,1455,69,1
2116,1950,7,10
2117,2770,51,2
2118,1605,60,1
2119,1980,50,10
2120,242,35,7
2121,44,53,5
2122,264,50,6
2123,510,72,8
2124,1103,4,9
2125,2169,29,7
2126,2409,77,6
2127,603,17,7
2128,2758,68,3
2129,412,35,4
2130,313,90,3
2131,2589,45,9
2132,2445,27,2
2133,981,91,5
2134,1403,11,9
2135,1768,81,5
2136,552,87,6
2137,1896,70,7
2138,505,42,1
2139,1152,20,6
2140,475,60,3
2141,1215,46,3
2142,2227,91,3
2143,1280,44,6
2144,1780,80,5
2145,2494,88,5
2146,2830,69,7
2147,1851,22,1
2148,1886,72,10
2149,1343,51,2
2150,1272,47,9
2151,849,37,6
2152,1223,57,8
2153,585,19,8
2154,2828,28,5
2155,2486,75,1
2156,175,6,4
2157,525,92,4
2158,1096,34,2
2159,783,20,9
2160,2461,87,7
2161,411,74,6
2162,2597,87,7
2163,2746,47,6
2164,716,24,5
2165,2740,23,7
2166,76,28,6
2167,1123,2,8
2168,2823,59,3
2169,1538,11,4
2170,184,51,7
2171,901,100,7
2172,829,46,3
2173,1467,49,4
2174,1538,86,1
2175,335,15,1
2176,906,21,6
2177,1286,63,8
2178,1168,12,10
2179,733,70,8
2180,1569,78,9
2181,2670,48,4
2182,685,74,8
2183,966,22,4
2184,1187,90,7
2185,54,76,1
2186,1073,39,5
2187,875,16,7
2188,2341,48,10
2189,988,58,5
2190,804,8,10
2191,1765,45,10
2192,1866,99,5
2193,1377,14,3
2194,384,84,1
2195,424,61,9
2196,475,65,4
2197,2076,70,7
2198,1707,20,8
2199,1130,76,8
2200,1502,85,7
2201,1932,53,2
2202,235,32,2
2203,1639,93,3
2204,1055,6,8
2205,2452,3,9
2206,104,51,7
2207,624,9,9
2208,366,7,2
2209,59,43,2
2210,2094,22,9
2211,1420,46,5
2212,1960,79,2
2213,2593,60,2
2214,2419,58,6
2215,6,56,10
2216,177,52,3
2217,169,83,3
2218,1618,36,3
2219,394,9,4
2220,1247,48,10
2221,1968,23,7
2222,2603,38,9
2223,348,49,6
2224,2812,61,10
2225,2293,90,2
2226,573,37,6
2227,166,76,8
2228,2739,15,10
2229,1062,13,1
2230,1133,59,4
2231,1528,24,6
2232,1494,47,8
2233,1162,86,8
2234,334,77,2
2235,1189,46,10
2236,1763,15,1
2237,2581,22,5
2238,1985,50,10
2239,1362,94,2
2240,245,20,1
2241,813,36,5
2242,953,57,2
2243,74,38,10
2244,2627,15,8
2245,2636,25,6
2246,236,59,4
2247,2650,10,2
2248,1964,29,10
2249,2669,87,6
2250,448,23,7
2251,2498,19,1
2252,896,41,10
2253,2704,93,3
2254,684,89,9
2255,1859,1,4
2256,1372,91,1
2257,2269,79,2
2258,304,37,3
2259,1744,98,9
2260,67,33,10
2261,377,26,4
2262,1525,51,8
2263,2429,70,5
2264,1215,71,3
2265,2702,61,4
2266,434,81,5
2267,2732,8,9
2268,1403,99,5
2269,1163,5,9
2270,2403,59,2
2271,407,66,6
2272,1507,91,8
2273,2389,4,7
2274,229,62,8
2275,1958,94,6
2276,1661,80,8
2277,615,57,5
2278,2626,99,9
2279,2790,18,10
2280,2765,30,10
2281,202,35,7
2282,1315,22,5
2283,2793,43,4
2284,2779,80,6
2285,2704,97,2
2286,149,60,9
2287,1822,60,4
2288,1201,27,6
2289,2373,70,6
2290,841,66,6
2291,179,22,8
2292,354,71,5
2293,433,60,5
2294,2030,44,1
2295,1472,66,10
2296,1206,75,7
2297,1865,2,1
2298,1700,3,3
2299,520,65,9
2300,2777,87,7
2301,93,55,5
2302,409,92,7
2303,523,42,8
2304,2437,24,1
2305,699,68,5
2306,2378,14,4
2307,1232,47,4
2308,95,89,4
2309,2349,60,1
2310,383,17,10
2311,2125,38,9
2312,885,20,1
2313,543,59,8
2314,2432,65,4
2315,2436,63,10
2316,2083,41,2
2317,2572,78,6
2318,415,3,2
2319,2286,18,7
2320,354,83,5
2321,356,21,6
2322,665,1,7
2323,2788,13,9
2324,2433,37,8
2325,620,51,1
2326,710,88,8
2327,1083,56,3
2328,327,98,4
2329,1070,88,2
2330,194,26,4
2331,812,57,4
2332,486,60,5
2333,2515,61,4
2334,215,93,6
2335,204,42,7
2336,467,2,3
2337,1913,37,6
2338,276,63,9
2339,509,88,2
2340,1083,87,2
2341,2215,36,5
2342,1579,85,6
2343,1374,27,6
2344,2351,47,5
2345,2206,63,1
2346,378,1,7
2347,900,73,9
2348,1386,95,4
2349,543,99,4
2350,2650,2,10
2351,1327,79,7
2352,1303,14,2
2353,1462,94,2
2354,24,45,5
2355,1195,41,5
2356,1830,92,6
2357,903,55,6
2358,499,87,8
2359,2300,34,3
2360,1043,86,1
2361,1142,86,10
2362,1695,72,10
2363,1194,45,8
2364,451,76,9
2365,1118,51,4
2366,1163,92,5
2367,2817,35,1
2368,784,16,7
2369,2823,76,7
2370,2406,39,9
2371,2025,79,10
2372,441,96,8
2373,489,47,7
2374,465,31,6
2375,1529,86,5
2376,1284,59,4
2377,1627,36,1
2378,489,28,10
2379,747,49,10
2380,2077,23,10
2381,935,82,10
2382,605,94,9
2383,2404,37,4
2384,2665,27,8
2385,2588,62,4
2386,1298,22,6
2387,2328,6,9
2388,1831,74,7
2389,939,75,6
2390,2754,65,2
2391,264,90,5
2392,214,54,10
2393,2483,32,6
2394,2002,13,9
2395,1913,44,6
2396,2698,91,6
2397,1514,76,7
2398,2441,36,2
2399,26,31,10
2400,2653,65,5
2401,961,99,6
2402,233,77,3
2403,2713,37,8
2404,1691,87,3
2405,621,15,1
2406,2411,64,10
2407,744,26,6
2408,1771,11,7
2409,874,47,8
2410,223,45,1
2411,1867,91,9
2412,490,66,6
2413,1424,24,2
2414,1909,32,10
2415,2401,96,9
2416,2369,13,1
2417,2281,94,6
2418,931,97,5
2419,1960,21,3
2420,152,28,3
2421,946,66,2
2422,1915,52,7
2423,2657,66,3
2424,1502,25,1
2425,779,60,1
2426,194,90,3
2427,2542,48,2
2428,1656,61,10
2429,1056,89,5
2430,1273,83,9
2431,825,1,1
2432,1692,87,10
2433,2152,53,1
2434,1033,51,7
2435,78,22,1
2436,2619,28,8
2437,2573,55,7
2438,2215,65,4
2439,2525,1,3
2440,1200,26,4
2441,543,45,7
2442,715,24,4
2443,520,76,3
2444,826,12,10
2445,241,33,9
2446,1505,43,5
2447,2058,28,1
2448,142,96,7
2449,1997,82,3
2450,26,30,1
2451,1930,60,1
2452,2293,34,6
2453,1678,78,10
2454,1345,72,4
2455,911,25,3
2456,2080,14,5
2457,2355,60,6
2458,1566,12,1
2459,1236,29,3
2460,2817,39,9
2461,458,52,2
2462,1861,2,4
2463,1941,48,3
2464,905,14,9
2465,2690,75,7
2466,1922,93,4
2467,1938,64,3
2468,1255,39,2
2469,1867,54,2
2470,1057,67,4
2471,749,25,9
2472,2458,19,6
2473,1035,94,4
2474,2597,63,1
2475,439,44,3
2476,1822,16,4
2477,293,48,3
2478,2325,78,1
2479,1961,31,4
2480,1615,68,8
2481,2746,70,2
2482,1332,36,10
2483,450,31,10
2484,1735,33,10
2485,2535,20,3
2486,2538,70,6
2487,2262,69,10
2488,1767,21,3
2489,1354,12,4
2490,2136,20,9
2491,2554,60,7
2492,2467,27,5
2493,506,51,7
2494,1338,34,9
2495,1348,18,6
2496,1019,18,9
2497,2618,62,3
2498,690,37,8
2499,8,43,8
2500,842,15,1
2501,1572,50,4
2502,833,23,5
2503,1430,22,10
2504,2835,57,2
2505,394,39,9
2506,1412,82,10
2507,1602,93,1
2508,2226,47,7
2509,810,90,1
2510,435,17,1
2511,571,94,8
2512,1265,7,5
2513,945,23,7
2514,1869,78,10
2515,2124,42,3
2516,1446,23,1
2517,1046,95,5
2518,2083,30,7
2519,1347,14,8
2520,2637,11,2
2521,989,100,5
2522,484,36,2
2523,1975,52,6
2524,396,20,2
2525,685,35,1
2526,295,13,9
2527,1845,41,6
2528,2746,23,4
2529,602,28,8
2530,1269,68,1
2531,2796,58,9
2532,586,28,1
2533,1004,72,3
2534,1388,10,1
2535,1672,31,1
2536,743,80,4
2537,2361,68,4
2538,149,63,7
2539,261,10,1
2540,1915,100,1
2541,270,30,10
2542,1800,92,6
2543,1169,93,4
2544,639,58,8
2545,1331,1,8
2546,1837,97,9
2547,243,72,9
2548,2552,40,2
2549,1708,60,8
2550,710,14,7
2551,1385,18,4
2552,97,96,3
2553,211,77,2
2554,2767,75,6
2555,1611,85,7
2556,953,21,10
2557,945,89,5
2558,2698,4,7
2559,1588,44,7
2560,283,82,9
2561,1749,49,10
2562,373,76,5
2563,373,36,7
2564,1203,38,5
2565,54,68,5
2566,1016,54,2
2567,75,52,1
2568,1141,61,7
2569,376,60,8
2570,2572,75,9
2571,1775,47,10
2572,513,39,1
2573,1849,54,10
2574,1253,44,9
2575,2313,53,3
2576,2379,53,1
2577,114,80,9
2578,2777,24,1
2579,2344,73,10
2580,1777,48,1
2581,2303,15,5
2582,1946,30,2
2583,1047,99,2
2584,2811,65,8
2585,1273,83,4
2586,1472,58,9
2587,1642,5,8
2588,94,73,4
2589,1706,7,6
2590,53,42,1
2591,305,18,6
2592,678,2,2
2593,403,5,2
2594,940,41,1
2595,2148,29,5
2596,499,84,5
2597,391,5,5
2598,2362,90,5
2599,1046,49,3
2600,1980,8,6
2601,290,84,5
2602,327,22,4
2603,515,5,4
2604,619,32,4
2605,2497,35,8
2606,1107,3,5
2607,1608,83,5
2608,1776,9,1
2609,1829,67,1
2610,52,44,8
2611,1996,37,4
2612,2138,61,9
2613,1210,15,3
2614,1971,52,2
2615,647,81,2
2616,658,65,8
2617,1902,87,3
2618,2359,13,7
2619,1392,72,2
2620,1432,27,2
2621,2127,96,10
2622,811,48,1
2623,39,5,3
2624,2492,41,6
2625,1942,61,5
2626,819,91,10
2627,1866,45,2
2628,983,43,3
2629,426,59,7
2630,314,2,4
2631,700,31,7
2632,368,56,3
2633,1915,96,6
2634,1926,39,6
2635,2257,37,8
2636,2574,99,3
2637,616,30,3
2638,2843,26,3
2639,804,57,5
2640,1308,38,6
2641,1204,62,7
2642,528,71,1
2643,324,92,8
2644,1473,12,6
2645,193,16,8
2646,1091,28,7
2647,2705,5,6
2648,1411,14,8
2649,2623,32,8
2650,1210,94,10
2651,1362,32,1
2652,2,39,9
2653,329,73,4
2654,2626,87,2
2655,795,27,7
2656,1005,11,7
2657,693,10,7
2658,193,81,5
2659,1348,71,2
2660,1497,54,2
2661,1971,100,6
2662,991,15,6
2663,1936,96,7
2664,2374,75,7
2665,1789,18,1
2666,2606,26,5
2667,940,33,7
2668,514,45,6
2669,1116,68,8
2670,588,17,5
2671,1644,18,6
2672,2686,14,4
2673,2634,87,10
2674,1185,32,9
2675,1236,62,3
2676,704,16,6
2677,2681,98,9
2678,2228,75,6
2679,1965,52,2
2680,1869,56,2
2681,1779,2,3
2682,1909,37,9
2683,1050,85,6
2684,2539,100,6
2685,1494,54,10
2686,1401,60,2
2687,426,80,9
2688,1552,99,1
2689,1606,36,10
2690,2549,76,5
2691,384,73,9
2692,1577,72,8
2693,667,44,8
2694,758,17,4
2695,714,31,9
2696,2675,68,8
2697,383,50,8
2698,859,25,5
2699,2835,42,10
2700,1800,85,10
2701,2389,19,1
2702,2555,48,7
2703,2708,54,7
2704,2122,99,7
2705,947,51,1
2706,2612,69,1
2707,1872,64,5
2708,1762,80,2
2709,1755,86,8
2710,1681,75,8
2711,2662,3,7
2712,1267,33,9
2713,1993,72,3
2714,2230,6,9
2715,1982,2,5
2716,2130,41,8
2717,301,38,2
2718,2182,19,8
2719,1809,10,4
2720,1267,4,7
2721,2046,62,1
2722,1062,4,5
2723,2278,74,4
2724,713,97,1
2725,1858,69,9
2726,2595,63,10
2727,661,87,5
2728,368,90,2
2729,783,36,3
2730,1821,53,9
2731,1624,17,1
2732,1377,73,9
2733,1476,80,8
2734,1520,64,6
2735,2171,80,2
2736,1944,20,10
2737,492,35,2
2738,2614,11,9
2739,32,14,2
2740,443,48,6
2741,2404,83,10
2742,1115,25,10
2743,829,79,10
2744,766,77,9
2745,1463,63,3
2746,1177,86,1
2747,1946,89,2
2748,2230,3,5
2749,2778,72,3
2750,1998,46,8
2751,873,20,5
2752,2304,50,6
2753,1974,23,8
2754,2567,85,7
2755,1834,6,8
2756,1850,9,1
2757,1927,76,8
2758,742,55,10
2759,1769,81,4
2760,2486,10,9
2761,1400,51,6
2762,618,45,10
2763,1427,77,7
2764,872,69,7
2765,1435,76,3
2766,891,23,9
2767,2314,10,5
2768,1311,18,8
2769,1100,93,7
2770,1630,36,9
2771,2249,20,10
2772,1251,24,2
2773,2839,45,7
2774,448,24,7
2775,2416,20,4
2776,1729,41,9
2777,2099,81,9
2778,2290,5,10
2779,1804,22,3
2780,437,58,9
2781,2006,20,2
2782,293,11,7
2783,1078,32,3
2784,493,20,5
2785,199,54,5
2786,2700,72,9
2787,2364,28,3
2788,68,55,8
2789,1459,79,10
2790,2092,46,4
2791,1522,88,10
2792,2250,55,10
2793,1435,85,10
2794,890,17,10
2795,843,68,9
2796,1978,94,6
2797,2741,28,6
2798,942,14,10
2799,1249,64,6
2800,1742,34,7
2801,1352,70,4
2802,1347,64,8
2803,1539,77,7
2804,1617,21,2
2805,864,91,5
2806,2674,3,6
2807,871,64,4
2808,844,8,6
2809,1365,93,5
2810,858,25,4
2811,259,86,1
2812,334,62,2
2813,1760,14,10
2814,561,22,1
2815,930,79,5
2816,1623,79,6
2817,2011,84,10
2818,2099,44,2
2819,906,63,3
2820,460,80,9
2821,1627,64,6
2822,2131,62,4
2823,1961,52,10
2824,494,87,7
2825,1460,19,8
2826,2803,71,9
2827,1990,51,1
2828,1954,29,2
2829,2345,97,2
2830,513,26,3
2831,1459,24,9
2832,494,20,5
2833,371,11,8
2834,1448,4,5
2835,1502,55,9
2836,900,14,7
2837,373,33,5
2838,2597,79,9
2839,585,21,4
2840,2516,19,1
2841,1401,40,1
2842,1770,34,5
2843,1555,51,9
2844,2351,80,9
2845,853,60,8
2846,2360,78,7
2847,644,74,9
2848,2020,1,5
2849,2780,72,10
2850,2676,11,6
2851,1364,75,1
2852,899,62,3
2853,164,46,10
2854,1855,63,10
2855,1417,1,3
2856,1797,74,8
2857,1558,55,9
2858,2339,69,10
2859,1577,57,4
2860,1391,26,5
2861,381,91,1
2862,1673,83,6
2863,892,79,7
2864,605,40,7
2865,1197,97,9
2866,1921,60,1
2867,2000,42,2
2868,1460,6,7
2869,367,26,5
2870,2385,62,10
2871,1396,98,6
2872,2412,88,3
2873,1605,79,7
2874,752,84,6
2875,1672,79,10
2876,2272,10,7
2877,2192,21,7
2878,1783,95,10
2879,835,73,9
2880,2513,3,3
2881,1801,29,1
2882,1822,38,9
2883,2371,28,9
2884,2390,26,3
2885,2402,35,5
2886,2777,5,8
2887,1337,25,7
2888,2316,7,1
2889,1944,64,10
2890,75,64,10
2891,1101,64,9
2892,2484,19,5
2893,1275,64,6
2894,2046,94,5
2895,863,82,5
2896,693,25,6
2897,1449,47,2
2898,1908,16,6
2899,1438,43,5
2900,391,91,2
2901,69,51,3
2902,49,96,4
2903,484,25,1
2904,354,55,2
2905,2643,95,1
2906,1747,14,4
2907,2119,5,9
2908,2169,56,5
2909,1595,68,8
2910,52,17,6
2911,346,3,7
2912,195,72,1
2913,2608,85,7
2914,734,72,5
2915,1160,82,9
2916,461,33,2
2917,2320,79,9
2918,1619,8,8
2919,1222,99,6
2920,1109,58,9
2921,2325,95,4
2922,2775,16,8
2923,1476,83,1
2924,2039,10,5
2925,2092,84,10
2926,1529,51,3
2927,2641,6,3
2928,2750,80,8
2929,1935,98,10
2930,2132,98,8
2931,2066,30,1
2932,171,52,6
2933,230,90,4
2934,1197,24,3
2935,2565,98,8
2936,2672,62,8
2937,2713,85,8
2938,428,70,3
2939,2433,3,8
2940,2652,58,7
2941,2039,16,3
2942,1501,74,8
2943,1306,65,10
2944,397,66,3
2945,793,56,8
2946,41,6,1
2947,2237,65,5
2948,476,82,5
2949,2523,72,2
2950,829,30,7
2951,1487,93,10
2952,1756,9,1
2953,2021,5,8
2954,2237,80,2
2955,2373,47,8
2956,1578,89,8
2957,2196,46,6
2958,120,10,7
2959,1958,50,4
2960,2290,94,9
2961,2643,21,4
2962,2223,11,5
2963,1035,38,4
2964,1590,88,8
2965,517,100,7
2966,2068,11,8
2967,2401,51,4
2968,1335,98,6
2969,1284,46,7
2970,2327,31,1
2971,1371,76,6
2972,2773,21,6
2973,1326,57,6
2974,992,9,7
2975,1010,48,6
2976,301,23,3
2977,2586,95,8
2978,2727,73,8
2979,1535,45,2
2980,2631,82,6
2981,1069,49,3
2982,2002,92,2
2983,1022,46,10
2984,100,59,3
2985,739,14,7
2986,1601,47,8
2987,2403,83,2
2988,351,100,1
2989,1952,1,3
2990,1798,77,3
2991,2693,63,7
2992,44,10,1
2993,1712,81,8
2994,2650,85,9
2995,1837,75,7
2996,1501,52,9
2997,372,46,7
2998,1477,17,6
2999,82,50,3
3000,1038,68,3
3001,2016,91,4
3002,2250,92,7
3003,2139,97,5
3004,933,90,1
3005,2830,52,10
3006,821,6,1
3007,222,98,4
3008,1255,1,10
3009,622,98,1
3010,1637,66,4
3011,1403,54,3
3012,845,58,7
3013,1249,41,6
3014,1509,36,1
3015,618,42,9
3016,581,5,1
3017,1564,60,3
3018,530,49,2
3019,1961,54,9
3020,1197,95,3
3021,1973,3,4
3022,1785,15,10
3023,2715,59,9
3024,1605,46,5
3025,68,37,7
3026,1701,100,7
3027,1683,72,10
3028,1774,48,7
3029,850,1,6
3030,102,83,8
3031,1031,41,2
3032,1993,10,4
3033,1083,31,2
3034,2130,18,5
3035,1667,82,7
3036,1790,77,4
3037,2362,8,10
3038,1995,18,1
3039,2238,51,3
3040,1262,39,10
3041,151,14,5
3042,2460,61,4
3043,2269,68,1
3044,862,15,5
3045,1150,3,3
3046,1658,16,9
3047,649,51,5
3048,449,79,10
3049,180,37,6
3050,1427,68,2
3051,2629,9,7
3052,1013,41,7
3053,1295,66,10
3054,2606,63,5
3055,2263,53,6
3056,2712,17,8
3057,427,84,9
3058,168,27,7
3059,1015,94,4
3060,2566,39,9
3061,1685,100,7
3062,330,88,10
3063,1782,4,7
3064,341,9,4
3065,1123,81,1
3066,1498,90,5
3067,851,95,2
3068,2471,65,1
3069,2583,100,5
3070,1950,88,7
3071,2166,37,4
3072,2454,42,8
3073,1286,67,2
3074,913,40,1
3075,2030,96,1
3076,1639,77,10
3077,1306,29,7
3078,1623,5,3
3079,1715,46,8
3080,1504,17,4
3081,2012,23,2
3082,38,74,10
3083,609,2,9
3084,1397,66,2
3085,179,67,8
3086,693,38,3
3087,483,100,2
3088,1219,29,1
3089,458,50,8
3090,861,28,1
3091,2607,12,1
3092,2607,81,7
3093,1641,91,6
3094,1652,92,1
3095,7,46,4
3096,16,8,4
3097,1792,75,4
3098,1501,29,9
3099,2316,35,7
3100,2622,89,2
3101,1452,69,7
3102,1842,38,6
3103,752,45,9
3104,1404,61,10
3105,1588,44,1
3106,555,98,3
3107,1927,16,2
3108,2124,54,6
3109,209,20,10
3110,1071,26,9
3111,9,16,10
3112,1345,68,9
3113,730,8,9
3114,1182,80,8
3115,2231,45,5
3116,991,16,5
3117,1707,2,4
3118,2661,52,4
3119,620,55,6
3120,203,24,6
3121,1139,6,8
3122,1937,52,10
3123,1217,13,9
3124,2766,89,10
3125,250,33,7
3126,453,42,2
3127,367,9,3
3128,1024,19,6
3129,1449,34,7
3130,1422,18,7
3131,1165,42,3
3132,1211,35,1
3133,657,29,4
3134,1980,21,8
3135,1149,91,7
3136,2784,85,5
3137,406,23,7
3138,562,31,7
3139,2423,18,2
3140,2827,49,5
3141,173,65,3
3142,823,32,6
3143,646,39,10
3144,1898,21,4
3145,784,97,7
3146,984,21,7
3147,1854,98,2
3148,1784,50,3
3149,1165,86,1
3150,421,87,3
3151,2569,15,6
3152,1423,13,4
3153,1849,26,6
3154,234,24,7
3155,392,73,2
3156,1334,71,7
3157,1184,52,6
3158,633,74,8
3159,674,73,9
3160,566,4,8
3161,649,91,7
3162,1602,70,6
3163,2474,25,6
3164,911,69,10
3165,1217,66,3
3166,1392,18,2
3167,1026,2,7
3168,1048,58,8
3169,2368,57,5
3170,1618,46,5
3171,943,69,10
3172,275,71,9
3173,2811,23,8
3174,1704,8,3
3175,288,31,2
3176,2315,92,10
3177,1109,69,9
3178,1514,14,5
3179,2825,29,7
3180,693,86,4
3181,2230,21,8
3182,161,86,10
3183,411,53,10
3184,2678,44,2
3185,509,54,1
3186,868,89,4
3187,2257,45,9
3188,2188,83,2
3189,697,46,3
3190,2389,17,3
3191,2392,39,8
3192,1337,97,6
3193,314,97,9
3194,1853,6,5
3195,1843,14,4
3196,2233,73,1
3197,286,30,8
3198,301,7,2
3199,735,33,10
3200,1573,55,3
3201,2178,36,7
3202,320,46,8
3203,1791,18,7
3204,1112,55,5
3205,2106,67,7
3206,1719,2,7
3207,1839,28,2
3208,1331,45,8
3209,507,29,5
3210,1652,95,1
3211,2693,25,9
3212,62,51,9
3213,179,74,4
3214,119,34,6
3215,956,82,10
3216,1587,59,7
3217,870,29,2
3218,2251,77,5
3219,2138,22,6
3220,1848,24,10
3221,2597,4,5
3222,1837,13,7
3223,1386,84,6
3224,61,30,3
3225,791,23,3
3226,393,53,2
3227,1481,22,5
3228,1819,22,7
3229,162,90,2
3230,1730,26,8
3231,2120,6,8
3232,2177,68,9
3233,134,1,6
3234,1943,31,9
3235,623,64,4
3236,2323,34,3
3237,1130,57,6
3238,1684,82,3
3239,823,44,9
3240,1407,90,7
3241,1324,42,2
3242,2039,39,5
3243,2398,65,3
3244,1916,10,5
3245,2555,44,10
3246,2711,100,4
3247,2106,88,2
3248,2497,62,6
3249,937,51,5
3250,1644,88,3
3251,2629,38,4
3252,998,8,7
3253,250,70,3
3254,756,68,1
3255,2688,9,6
3256,422,42,2
3257,941,44,8
3258,2027,58,3
3259,161,96,8
3260,1692,17,1
3261,461,64,7
3262,970,69,9
3263,1827,54,9
3264,1018,41,3
3265,2198,99,2
3266,100,4,3
3267,861,86,5
3268,2437,14,1
3269,568,16,8
3270,349,48,1
3271,389,23,4
3272,1220,99,9
3273,2185,69,8
3274,407,46,3
3275,1362,11,4
3276,2844,54,4
3277,2192,67,3
3278,2539,6,5
3279,2541,18,2
3280,2151,16,8
3281,2366,7,1
3282,2500,26,10
3283,271,24,5
3284,2171,65,10
3285,2293,74,3
3286,2194,56,8
3287,2592,92,9
3288,1132,90,4
3289,1806,11,7
3290,2164,52,8
3291,1159,11,2
3292,2348,81,2
3293,1056,57,10
3294,116,5,3
3295,1911,47,6
3296,238,88,8
3297,2533,62,5
3298,1678,18,3
3299,1738,91,9
3300,1834,93,1
3301,2227,76,4
3302,2216,16,8
3303,2757,97,3
3304,1132,47,6
3305,986,45,5
3306,916,48,10
3307,2365,94,9
3308,647,40,9
3309,804,36,6
3310,2610,97,1
3311,546,40,10
3312,2506,77,4
3313,1408,43,8
3314,2190,42,8
3315,2603,96,10
3316,24,58,1
3317,400,75,2
3318,1013,54,4
3319,2791,24,4
3320,1223,36,1
3321,2765,65,6
3322,2729,64,4
3323,514,10,7
3324,972,31,6
3325,2674,79,5
3326,2457,76,10
3327,1098,35,5
3328,1426,38,4
3329,1737,81,3
3330,1156,55,2
3331,2189,75,10
3332,2198,51,1
3333,192,55,2
3334,1572,74,5
3335,2094,15,2
3336,2545,84,7
3337,1235,99,7
3338,2293,2,8
3339,213,17,9
3340,2382,30,1
3341,1620,11,4
3342,620,69,6
3343,790,23,5
3344,850,57,6
3345,118,16,10
3346,1998,100,6
3347,2646,56,8
3348,2516,41,9
3349,606,6,8
3350,462,80,10
3351,1088,4,4
3352,686,22,3
3353,1657,67,10
3354,935,23,4
3355,2834,89,10
3356,1691,72,9
3357,1277,65,6
3358,248,74,4
3359,2317,54,4
3360,240,86,5
3361,1104,22,3
3362,248,51,4
3363,665,33,5
3364,1166,13,1
3365,561,6,3
3366,838,32,8
3367,295,75,6
3368,1314,4,6
3369,526,61,3
3370,2750,66,5
3371,633,93,10
3372,2483,41,9
3373,680,89,1
3374,2381,10,8
3375,641,16,2
3376,2822,55,9
3377,611,42,2
3378,2490,56,1
3379,2520,81,5
3380,1172,1,5
3381,1173,81,6
3382,631,55,9
3383,1386,14,9
3384,1909,1,4
3385,371,17,4
3386,399,29,6
3387,763,95,10
3388,2278,9,3
3389,2532,25,8
3390,2592,32,1
3391,1095,42,1
3392,2535,47,5
3393,899,79,8
3394,769,66,4
3395,185,98,4
3396,2761,3,3
3397,2801,85,9
3398,1795,61,1
3399,1078,91,5
3400,2071,48,7
3401,1604,62,2
3402,1172,70,6
3403,1387,44,6
3404,276,39,4
3405,1019,92,10
3406,1020,59,5
3407,1879,35,2
3408,1080,89,7
3409,1871,92,3
3410,1001,16,7
3411,2282,23,5
3412,1491,44,10
3413,1192,64,9
3414,72,28,1
3415,2321,7,7
3416,1739,66,7
3417,1574,56,1
3418,2417,17,9
3419,2315,85,2
3420,814,89,1
3421,2630,38,5
3422,868,61,7
3423,2377,48,6
3424,2201,41,3
3425,2333,62,10
3426,2809,93,7
3427,2819,22,1
3428,1598,24,3
3429,1683,60,9
3430,1219,78,9
3431,165,90,6
3432,2612,58,8
3433,809,95,5
3434,314,98,3
3435,475,49,2
3436,1240,25,2
3437,2284,19,5
3438,2068,65,5
3439,888,48,7
3440,2055,73,2
3441,1716,50,9
3442,326,82,1
3443,2080,55,8
3444,1409,40,2
3445,1228,74,9
3446,506,79,5
3447,701,85,3
3448,1592,70,1
3449,277,36,1
3450,2609,27,2
3451,1999,77,6
3452,254,70,5
3453,604,28,8
3454,1989,21,3
3455,2751,53,4
3456,2291,60,5
3457,2605,32,6
3458,2034,55,7
3459,2475,54,5
3460,1679,86,1
3461,1855,14,9
3462,96,92,1
3463,2413,96,1
3464,2547,76,9
3465,2091,97,4
3466,2785,30,9
3467,1248,3,2
3468,2795,85,6
3469,1907,90,6
3470,1686,51,2
3471,1872,72,8
3472,1235,5,5
3473,1140,2,1
3474,203,8,2
3475,2075,80,8
3476,2795,78,5
3477,589,67,6
3478,256,74,7
3479,1684,89,10
3480,867,30,9
3481,2618,36,3
3482,2586,72,9
3483,1316,42,4
3484,2332,4,2
3485,870,58,10
3486,2178,68,4
3487,2043,1,2
3488,1831,4,7
3489,1330,87,3
3490,767,69,1
3491,761,88,5
3492,2524,43,8
3493,212,15,10
3494,417,9,1
3495,1590,100,2
3496,297,5,7
3497,122,75,6
3498,754,23,8
3499,2635,23,8
3500,312,13,6
3501,2145,84,4
3502,2530,96,5
3503,1666,45,6
3504,997,50,3
3505,1822,94,1
3506,1495,3,7
3507,979,66,9
3508,2807,12,10
3509,2678,93,9
3510,204,94,2
3511,1887,68,7
3512,1925,85,4
3513,2294,44,7
3514,83,34,6
3515,483,18,3
3516,1421,78,9
3517,2815,15,8
3518,1231,96,1
3519,1386,27,6
3520,40,82,1
3521,2332,80,7
3522,1681,73,8
3523,891,69,6
3524,1925,90,1
3525,859,3,3
3526,1140,27,5
3527,1441,7,9
3528,925,41,7
3529,1822,41,4
3530,1322,86,2
3531,1225,17,9
3532,464,67,2
3533,771,44,9
3534,1394,84,2
3535,930,6,3
3536,1667,96,3
3537,2465,68,6
3538,142,17,2
3539,2062,51,2
3540,446,6,2
3541,2178,29,8
3542,472,99,9
3543,806,51,4
3544,2234,2,7
3545,436,18,3
3546,741,38,2
3547,2534,92,4
3548,977,50,6
3549,2718,17,5
3550,1693,94,5
3551,1720,29,10
3552,5,64,10
3553,2004,51,8
3554,2047,18,8
3555,2546,80,4
3556,2125,100,1
3557,844,11,5
3558,664,65,6
3559,1490,31,7
3560,1365,49,6
3561,2599,11,4
3562,2571,76,6
3563,1960,10,3
3564,200,21,4
3565,1653,39,6
3566,2246,8,1
3567,2545,36,5
3568,473,2,10
3569,2513,51,10
3570,331,7,8
3571,1583,48,10
3572,2555,82,9
3573,2463,46,6
3574,2402,42,5
3575,2264,28,3
3576,2405,53,4
3577,1404,2,2
3578,2099,66,6
3579,1364,87,4
3580,242,57,7
3581,734,50,10
3582,2274,85,5
3583,1419,59,2
3584,1391,20,10
3585,1290,47,9
3586,1771,36,4
3587,2790,50,4
3588,2607,50,9
3589,2129,15,5
3590,1299,19,6
3591,2016,51,4
3592,2644,24,8
3593,2793,17,4
3594,1581,95,1
3595,392,99,4
3596,1593,67,10
3597,1859,88,4
3598,2461,24,6
3599,1605,76,4
3600,272,24,1
3601,910,98,2
3602,1597,75,6
3603,317,59,6
3604,826,24,5
3605,2388,76,8
3606,876,15,8
3607,2165,61,5
3608,1934,65,4
3609,813,24,8
3610,859,8,1
3611,1235,90,9
3612,528,63,7
3613,650,93,6
3614,716,44,10
3615,1086,22,1
3616,2325,88,3
3617,1744,85,4
3618,2447,24,7
3619,1558,74,9
3620,2727,21,2
3621,1157,99,3
3622,2840,12,5
3623,400,94,10
3624,1091,96,4
3625,625,82,3
3626,2580,27,10
3627,2752,10,9
3628,635,49,9
3629,2774,52,10
3630,1153,85,8
3631,12,97,7
3632,235,36,1
3633,1102,79,7
3634,2294,18,8
3635,2486,95,9
3636,1898,47,7
3637,1621,41,3
3638,1875,62,1
3639,554,40,3
3640,1901,17,1
3641,1895,87,10
3642,1600,93,4
3643,1656,94,2
3644,952,90,3
3645,1595,7,2
3646,841,79,2
3647,1939,44,5
3648,2555,14,10
3649,1424,59,9
3650,2767,3,2
3651,1535,75,6
3652,1152,52,2
3653,612,20,5
3654,2270,64,1
3655,1573,90,8
3656,1596,70,5
3657,963,5,7
3658,2486,5,7
3659,1252,86,7
3660,2834,23,4
3661,1132,84,3
3662,2080,29,2
3663,684,38,9
3664,62,52,10
3665,756,92,1
3666,1022,96,5
3667,959,11,5
3668,1667,75,3
3669,2275,52,5
3670,938,28,6
3671,502,71,6
3672,2671,94,2
3673,1392,51,2
3674,159,99,4
3675,822,57,2
3676,694,82,10
3677,526,94,7
3678,1934,37,8
3679,2431,14,6
3680,2368,80,6
3681,2678,92,3
3682,1146,95,7
3683,1964,95,5
3684,1945,80,6
3685,2338,86,8
3686,2666,75,2
3687,1262,90,5
3688,1222,99,1
3689,1089,2,7
3690,58,88,9
3691,352,33,8
3692,1152,25,10
3693,2144,6,2
3694,137,55,10
3695,2498,52,9
3696,416,43,7
3697,376,61,8
3698,943,54,10
3699,2660,53,9
3700,2225,52,1
3701,919,32,1
3702,2357,3,5
3703,1746,10,10
3704,1870,57,4
3705,1647,79,1
3706,590,54,6
3707,2395,99,1
3708,1118,5,9
3709,2264,90,3
3710,1171,2,10
3711,449,25,1
3712,2712,22,1
3713,100,72,4
3714,1415,69,9
3715,2163,95,2
3716,946,83,3
3717,1799,36,1
3718,1673,53,7
3719,1393,43,2
3720,1182,4,9
3721,1329,36,9
3722,2767,77,8
3723,2185,5,7
3724,483,81,9
3725,2373,54,6
3726,2416,26,7
3727,2459,53,10
3728,1916,81,5
3729,1788,81,10
3730,59,12,3
3731,1812,65,9
3732,1410,48,3
3733,7,62,1
3734,2035,39,10
3735,2294,61,8
3736,1411,86,9
3737,2739,36,2
3738,1305,64,8
3739,2773,45,4
3740,1494,23,1
3741,1971,79,3
3742,2760,20,4
3743,1254,30,6
3744,455,26,4
3745,426,40,5
3746,1692,1,8
3747,1219,28,6
3748,15,43,1
3749,1570,33,6
3750,977,98,5
3751,876,29,4
3752,2808,34,7
3753,2788,74,7
3754,2768,75,3
3755,1640,76,4
3756,2486,92,4
3757,2317,87,4
3758,2744,39,7
3759,1491,75,3
3760,1409,85,10
3761,922,3,9
3762,1905,80,8
3763,1184,72,8
3764,346,21,10
3765,1936,19,9
3766,794,30,4
3767,701,8,7
3768,238,27,2
3769,1886,83,8
3770,2754,75,10
3771,2316,74,7
3772,1758,98,3
3773,2501,12,5
3774,1005,88,4
3775,673,40,7
3776,8,3,8
3777,630,56,10
3778,160,94,7
3779,1164,20,7
3780,2759,57,9
3781,929,30,7
3782,944,47,7
3783,1963,29,9
3784,1503,87,7
3785,771,100,10
3786,1486,44,2
3787,1615,21,5
3788,1336,42,7
3789,963,87,8
3790,2653,15,3
3791,1572,10,10
3792,190,85,4
3793,2055,13,7
3794,793,74,5
3795,633,60,7
3796,613,74,4
3797,994,30,10
3798,493,11,3
3799,1725,74,1
3800,100,61,4
3801,1937,81,3
3802,2038,17,9
3803,377,1,7
3804,1266,42,6
3805,1722,64,8
3806,2361,58,9
3807,1044,5,8
3808,1571,3,6
3809,2532,99,5
3810,1137,46,4
3811,1421,44,8
3812,2373,38,8
3813,2319,94,10
3814,561,5,7
3815,908,58,7
3816,436,62,4
3817,2045,81,7
3818,197,67,7
3819,2343,17,8
3820,917,18,7
3821,996,38,3
3822,1598,37,1
3823,1056,51,8
3824,90,84,3
3825,1542,16,3
3826,1315,88,2
3827,477,18,7
3828,1014,73,8
3829,2187,57,7
3830,1276,61,6
3831,2844,79,1
3832,573,12,4
3833,1744,92,5
3834,1793,34,3
3835,484,81,6
3836,2621,44,8
3837,22,79,1
3838,1610,39,2
3839,1453,11,7
3840,1666,48,1
3841,2169,79,5
3842,1729,31,3
3843,1439,30,8
3844,1130,24,4
3845,2050,23,6
3846,80,15,7
3847,1899,27,9
3848,1439,69,10
3849,899,1,9
3850,2133,26,8
3851,820,53,8
3852,1621,34,6
3853,137,36,8
3854,91,5,1
3855,307,58,3
3856,1498,3,1
3857,1212,14,10
3858,538,34,4
3859,1272,74,5
3860,1648,1,9
3861,2473,28,6
3862,301,36,2
3863,138,71,8
3864,2461,25,9
3865,2185,68,5
3866,1443,15,9
3867,1112,6,5
3868,981,61,9
3869,2429,27,5
3870,21,81,8
3871,476,87,2
3872,1120,90,5
3873,64,64,2
3874,1057,18,2
3875,212,47,1
3876,1930,36,9
3877,879,75,8
3878,2341,42,3
3879,1077,15,7
3880,1185,5,8
3881,1498,11,10
3882,572,55,9
3883,516,97,6
3884,1567,93,5
3885,1796,51,9
3886,2222,73,5
3887,2744,7,4
3888,2111,59,10
3889,545,28,10
3890,1817,9,3
3891,2262,43,7
3892,1435,19,8
3893,95,2,1
3894,1696,9,7
3895,198,66,1
3896,756,42,6
3897,2317,39,5
3898,1338,49,9
3899,308,2,6
3900,1569,37,3
3901,2698,35,1
3902,2132,42,5
3903,2243,39,6
3904,2134,77,6
3905,2652,87,8
3906,164,94,9
3907,809,23,9
3908,1334,99,6
3909,388,39,4
3910,329,24,5
3911,1367,41,4
3912,1450,40,7
3913,1629,43,3
3914,2843,12,6
3915,2247,55,3
3916,588,31,7
3917,2720,83,5
3918,952,19,9
3919,31,95,8
3920,1891,24,9
3921,2591,72,1
3922,937,72,2
3923,353,36,5
3924,1893,86,5
3925,1313,58,2
3926,304,35,1
3927,1896,41,5
3928,1341,5,7
3929,158,91,10
3930,2571,99,9
3931,35,94,5
3932,1001,13,1
3933,215,36,3
3934,565,92,9
3935,146,89,2
3936,565,28,3
3937,511,99,2
3938,2257,59,3
3939,1807,88,8
3940,2627,60,1
3941,2630,86,1
3942,1204,5,4
3943,576,44,7
3944,152,77,8
3945,1364,45,6
3946,356,100,9
3947,2181,45,7
3948,2572,81,7
3949,559,30,6
3950,2625,70,6
3951,734,17,9
3952,2599,15,3
3953,1706,35,9
3954,1863,73,1
3955,533,46,7
3956,156,52,4
3957,818,65,3
3958,2524,6,2
3959,406,7,8
3960,14,87,2
3961,76,17,7
3962,687,1,2
3963,733,85,2
3964,2409,12,2
3965,1873,82,3
3966,1467,64,6
3967,341,77,1
3968,17,14,6
3969,946,65,3
3970,1633,74,2
3971,1740,23,3
3972,2462,13,5
3973,2545,24,7
3974,770,72,2
3975,131,33,3
3976,2678,37,10
3977,2484,22,3
3978,521,40,4
3979,111,64,4
3980,1935,50,3
3981,2577,1,9
3982,18,29,6
3983,1082,23,10
3984,1761,44,7
3985,188,8,3
3986,1369,56,5
3987,2840,1,8
3988,1430,91,9
3989,392,55,1
3990,1096,62,1
3991,256,28,10
3992,903,18,5
3993,90,82,7
3994,122,19,6
3995,1560,100,2
3996,1612,45,5
3997,2727,16,10
3998,2771,82,4
3999,1458,86,2
4000,2091,12,6
4001,2190,81,9
4002,1501,7,3
4003,258,82,8
4004,1502,29,2
4005,1637,5,1
4006,570,30,2
4007,1942,2,1
4008,2230,32,8
4009,1305,43,10
4010,1391,37,10
4011,2539,91,8
4012,756,8,4
4013,299,95,4
4014,2116,94,10
4015,2555,99,1
4016,629,70,9
4017,2452,32,5
4018,2841,85,7
4019,2758,89,6
4020,289,30,6
4021,1777,81,9
4022,983,64,5
4023,1969,69,4
4024,2204,53,3
4025,434,61,10
4026,1884,73,5
4027,189,24,5
4028,2128,43,4
4029,1254,42,10
4030,2561,77,10
4031,2749,20,8
4032,1837,70,8
4033,1076,40,6
4034,921,48,5
4035,1632,33,1
4036,1676,17,7
4037,482,88,4
4038,2545,39,3
4039,206,59,10
4040,2715,55,8
4041,2793,17,10
4042,118,28,1
4043,1307,56,3
4044,1564,42,9
4045,1878,47,6
4046,31,87,6
4047,924,38,10
4048,574,99,1
4049,625,27,10
4050,407,67,10
4051,2643,29,10
4052,12,66,3
4053,1877,37,3
4054,868,53,9
4055,1629,57,3
4056,1564,47,6
4057,2268,89,9
4058,190,72,7
4059,1263,53,6
4060,936,12,1
4061,2130,72,2
4062,1484,17,5
4063,1915,92,2
4064,926,80,3
4065,1663,62,8
4066,2572,73,7
4067,685,47,10
4068,1607,46,2
4069,1700,27,8
4070,2313,22,2
4071,858,26,6
4072,476,24,1
4073,1890,22,1
4074,2008,66,10
4075,2590,49,1
4076,2462,38,5
4077,2612,7,10
4078,2826,27,10
4079,231,44,8
4080,273,52,8
4081,24,45,7
4082,784,17,6
4083,829,59,6
4084,2836,17,5
4085,1973,72,6
4086,1893,18,6
4087,654,7,2
4088,1307,95,8
4089,1176,10,8
4090,2176,50,8
4091,2647,90,1
4092,2786,60,4
4093,2107,100,6
4094,788,6,9
4095,895,63,10
4096,1680,19,8
4097,291,52,3
4098,708,14,2
4099,1294,64,4
4100,1258,14,5
4101,2635,17,10
4102,387,9,2
4103,612,23,4
4104,1819,73,10
4105,2761,87,1
4106,344,87,9
4107,291,65,5
4108,2126,17,7
4109,1896,99,1
4110,316,56,7
4111,1485,20,8
4112,2312,95,4
4113,2768,30,7
4114,1933,39,4
4115,106,39,2
4116,2699,34,4
4117,1474,13,2
4118,702,74,9
4119,157,66,5
4120,2339,5,2
4121,1728,64,8
4122,395,13,7
4123,1635,35,2
4124,2825,23,5
4125,1828,26,3
4126,1840,24,8
4127,708,21,1
4128,2140,8,8
4129,2283,29,2
4130,1506,8,10
4131,1897,86,5
4132,2844,47,4
4133,1676,25,7
4134,2835,72,7
4135,573,80,4
4136,1319,21,10
4137,855,49,5
4138,1746,92,5
4139,1023,19,8
4140,943,68,3
4141,866,13,9
4142,865,79,9
4143,517,78,8
4144,2066,5,8
4145,179,53,3
4146,746,6,2
4147,2077,55,1
4148,676,7,8
4149,591,2,10
4150,791,24,2
4151,1625,44,3
4152,2498,19,9
4153,165,72,2
4154,406,37,8
4155,2834,100,6
4156,486,31,3
4157,1541,1,6
4158,1003,5,6
4159,2110,86,10
4160,1527,74,5
4161,1057,57,2
4162,2758,56,3
4163,1251,63,6
4164,2570,30,4
4165,1613,62,9
4166,592,74,6
4167,2065,77,9
4168,2298,45,2
4169,25,54,9
4170,1152,57,5
4171,1319,71,5
4172,1822,97,2
4173,2646,95,7
4174,8,37,10
4175,1710,15,3
4176,2567,17,8
4177,119,69,2
4178,1555,26,2
4179,2260,18,1
4180,1120,4,4
4181,2621,32,10
4182,1005,25,10
4183,2545,33,5
4184,1565,3,6
4185,1632,48,6
4186,2039,82,10
4187,1304,97,9
4188,1262,3,9
4189,2231,58,3
4190,418,97,8
4191,2724,45,3
4192,1584,25,3
4193,1000,56,9
4194,773,11,4
4195,1626,81,1
4196,2256,11,6
4197,1164,57,3
4198,617,30,6
4199,1821,91,7
4200,147,100,7
4201,525,34,3
4202,1910,58,1
4203,1255,77,5
4204,1003,91,1
4205,2807,18,7
4206,2050,5,2
4207,977,64,2
4208,2588,70,7
4209,1220,31,9
4210,1961,21,2
4211,891,13,8
4212,139,63,8
4213,140,37,8
4214,1741,21,6
4215,1718,76,10
4216,123,59,8
4217,1395,94,5
4218,2383,68,3
4219,649,28,10
4220,892,5,1
4221,2780,87,7
4222,1053,15,5
4223,1767,43,5
4224,463,17,5
4225,2806,38,10
4226,697,28,8
4227,2580,35,5
4228,283,8,2
4229,1221,41,10
4230,1514,16,5
4231,2642,93,5
4232,2170,100,9
4233,1957,1,8
4234,867,79,6
4235,1599,63,10
4236,843,42,6
4237,1274,49,7
4238,1822,77,4
4239,2515,91,4
4240,2210,74,9
4241,2547,72,5
4242,1974,86,4
4243,203,48,1
4244,406,40,4
4245,1694,7,10
4246,1610,38,7
4247,2765,25,7
4248,1889,53,3
4249,916,14,2
4250,2006,23,10
4251,2756,29,8
4252,2771,21,8
4253,40,96,7
4254,739,81,7
4255,2604,20,2
4256,1018,22,4
4257,392,95,1
4258,2257,86,8
4259,988,43,3
4260,1968,8,8
4261,2247,95,7
4262,530,35,3
4263,2575,46,7
4264,872,12,2
4265,1500,66,2
4266,1237,99,10
4267,39,7,9
4268,2413,53,4
4269,946,96,7
4270,620,69,4
4271,1010,98,6
4272,307,48,7
4273,81,35,1
4274,1162,70,9
4275,2128,5,7
4276,2500,50,7
4277,538,67,7
4278,2418,100,7
4279,988,46,6
4280,2680,29,5
4281,2082,36,8
4282,1077,76,9
4283,546,90,8
4284,146,73,9
4285,1608,70,3
4286,1416,61,1
4287,1799,91,7
4288,1011,70,9
4289,589,42,4
4290,1625,39,8
4291,224,49,6
4292,2450,24,4
4293,1432,55,10
4294,563,88,5
4295,292,65,4
4296,374,27,1
4297,2238,90,3
4298,1102,93,3
4299,165,85,8
4300,2761,4,6
4301,1733,80,7
4302,2289,97,10
4303,870,74,7
4304,1072,37,10
4305,2550,7,8
4306,933,46,5
4307,502,6,8
4308,732,52,6
4309,2813,96,6
4310,1696,59,9
4311,2367,31,5
4312,482,98,2
4313,1002,46,6
4314,392,12,1
4315,257,9,4
4316,2544,34,9
4317,153,62,6
4318,998,77,2
4319,2803,12,9
4320,132,78,2
4321,2380,13,10
4322,1986,1,8
4323,1487,65,8
4324,965,50,4
4325,254,22,3
4326,682,55,4
4327,1263,38,9
4328,2330,53,8
4329,32,83,4
4330,1353,65,1
4331,2330,78,5
4332,201,54,9
4333,1767,91,7
4334,1571,17,5
4335,1029,49,10
4336,411,46,3
4337,563,75,1
4338,1994,64,8
4339,470,24,7
4340,1323,43,1
4341,2212,80,8
4342,487,73,3
4343,1175,100,3
4344,1671,83,1
4345,1162,89,3
4346,2652,23,4
4347,2441,99,7
4348,945,74,6
4349,2186,88,6
4350,1477,73,2
4351,2778,40,3
4352,2592,11,8
4353,2534,72,5
4354,25,95,4
4355,2757,32,1
4356,1013,58,4
4357,1328,42,1
4358,1169,57,5
4359,1244,61,10
4360,2687,10,7
4361,2310,49,7
4362,521,78,8
4363,1217,34,10
4364,2581,75,4
4365,987,77,4
4366,2151,29,1
4367,1242,55,2
4368,1526,87,2
4369,2516,95,3
4370,601,83,6
4371,36,47,1
4372,1665,63,6
4373,314,7,2
4374,2804,69,6
4375,515,32,6
4376,2316,96,10
4377,2162,44,9
4378,1856,7,6
4379,25,2,10
4380,2137,19,8
4381,876,41,4
4382,2691,57,4
4383,1660,86,5
4384,2549,51,4
4385,2084,84,1
4386,316,52,10
4387,2624,44,4
4388,734,96,8
4389,2552,27,7
4390,2198,45,6
4391,1511,45,4
4392,2268,41,3
4393,1252,55,3
4394,1848,38,5
4395,1042,8,1
4396,1280,58,2
4397,2423,45,7
4398,539,22,4
4399,194,35,9
4400,747,64,5
4401,2534,16,2
4402,2235,48,1
4403,1757,66,5
4404,639,69,3
4405,893,19,3
4406,1911,10,6
4407,1916,76,5
4408,1904,31,9
4409,2750,99,1
4410,2382,83,2
4411,130,41,5
4412,1819,35,9
4413,1382,44,5
4414,998,84,2
4415,2799,37,7
4416,178,1,3
4417,1718,10,2
4418,1899,73,9
4419,1604,68,8
4420,299,2,7
4421,121,55,10
4422,1964,52,10
4423,2136,94,4
4424,2674,44,1
4425,1859,9,6
4426,2127,14,2
4427,2328,22,9
4428,101,39,1
4429,1911,13,9
4430,959,55,6
4431,437,56,1
4432,2057,15,4
4433,1377,72,9
4434,2785,34,8
4435,1707,70,3
4436,1468,52,5
4437,2446,87,1
4438,2430,2,1
4439,2479,6,6
4440,1018,92,7
4441,2591,89,8
4442,521,95,4
4443,2403,71,9
4444,1387,6,8
4445,1331,91,2
4446,309,89,10
4447,2493,40,7
4448,910,73,4
4449,511,89,8
4450,10,51,1
4451,1337,42,4
4452,40,43,5
4453,1420,91,5
4454,522,36,4
4455,1598,19,3
4456,928,35,6
4457,2826,21,6
4458,2102,15,10
4459,1278,56,4
4460,1485,56,10
4461,1650,79,2
4462,2593,39,6
4463,856,35,2
4464,990,88,1
4465,1988,81,8
4466,1228,7,8
4467,1303,79,1
4468,2451,84,7
4469,2516,5,6
4470,2205,37,2
4471,1326,12,10
4472,427,92,6
4473,1851,40,2
4474,737,91,7
4475,37,33,3
4476,1487,16,10
4477,974,40,5
4478,996,65,4
4479,484,49,9
4480,1268,7,4
4481,1238,90,10
4482,1386,74,2
4483,1135,89,1
4484,1714,53,4
4485,2221,45,10
4486,838,47,1
4487,2554,78,2
4488,2782,12,4
4489,1537,67,8
4490,328,7,5
4491,35,65,3
4492,899,44,1
4493,2393,44,3
4494,2547,53,4
4495,2206,97,1
4496,654,64,8
4497,775,82,10
4498,2215,34,7
4499,449,96,9
4500,2270,19,10
4501,1186,41,5
4502,1855,89,3
4503,1912,17,5
4504,647,54,6
4505,203,98,8
4506,96,71,9
4507,1583,98,3
4508,40,52,9
4509,2652,57,1
4510,1963,11,8
4511,1890,23,1
4512,2046,16,1
4513,2228,47,8
4514,1680,56,5
4515,1137,26,9
4516,1893,62,4
4517,1492,80,2
4518,1779,11,7
4519,514,55,2
4520,670,22,7
4521,1153,95,8
4522,1321,23,3
4523,501,63,5
4524,162,21,9
4525,102,19,3
4526,455,96,10
4527,547,71,9
4528,466,66,6
4529,2419,54,7
4530,1911,64,9
4531,1897,52,2
4532,730,13,2
4533,1522,30,1
4534,866,62,2
4535,2676,99,4
4536,591,11,10
4537,1232,79,6
4538,2801,74,10
4539,2196,80,9
4540,201,55,4
4541,191,85,5
4542,14,54,9
4543,2738,40,5
4544,1841,5,8
4545,1084,38,3
4546,2674,84,9
4547,975,49,5
4548,1169,41,6
4549,2303,15,2
4550,2357,33,1
4551,58,66,7
4552,740,6,7
4553,2728,54,7
4554,1237,14,9
4555,676,30,4
4556,234,84,10
4557,1287,4,6
4558,2616,13,1
4559,452,88,6
4560,2527,5,4
4561,2617,70,1
4562,1242,20,8
4563,415,3,2
4564,2762,81,9
4565,1425,50,2
4566,828,25,3
4567,883,51,3
4568,2795,94,9
4569,777,33,2
4570,1069,79,5
4571,638,22,10
4572,2670,36,8
4573,581,22,8
4574,1818,66,8
4575,2523,92,8
4576,1284,50,9
4577,1870,79,4
4578,2144,2,7
4579,1092,24,7
4580,1336,93,5
4581,2283,88,8
4582,1300,33,2
4583,2643,75,9
4584,1416,68,1
4585,1076,49,6
4586,437,67,8
4587,2117,91,10
4588,1737,20,5
4589,2778,3,5
4590,1332,54,4
4591,428,8,1
4592,1975,64,9
4593,2440,78,2
4594,557,21,8
4595,2236,57,7
4596,2320,85,7
4597,738,77,7
4598,2837,56,10
4599,2232,1,2
4600,1528,35,1
4601,519,35,1
4602,1233,74,3
4603,1227,78,4
4604,1639,89,2
4605,188,36,5
4606,759,26,6
4607,1799,89,3
4608,1059,15,10
4609,432,35,3
4610,2057,35,7
4611,39,91,9
4612,2318,1,6
4613,2124,41,4
4614,313,35,7
4615,1992,28,10
4616,2525,51,8
4617,1631,6,1
4618,2191,69,6
4619,4,100,1
4620,1763,49,2
4621,1865,90,4
4622,330,77,6
4623,448,80,7
4624,135,29,4
4625,1773,32,6
4626,2,82,3
4627,564,94,10
4628,2280,72,4
4629,1929,15,8
4630,2755,32,5
4631,1919,34,3
4632,1968,23,4
4633,708,29,4
4634,1184,48,3
4635,2050,14,6
4636,1838,63,2
4637,2359,36,3
4638,2797,56,9
4639,504,57,3
4640,2700,61,5
4641,518,61,4
4642,1366,66,6
4643,775,90,7
4644,1761,47,9
4645,1314,60,8
4646,2505,16,7
4647,2834,56,5
4648,1957,11,2
4649,89,50,5
4650,2422,66,8
4651,1934,50,3
4652,828,22,4
4653,1205,69,5
4654,1347,15,7
4655,2151,1,1
4656,112,3,5
4657,1934,26,1
4658,849,52,2
4659,1127,79,8
4660,2529,34,10
4661,1076,56,7
4662,1326,63,9
4663,1283,19,4
4664,1300,1,6
4665,1873,68,3
4666,27,34,5
4667,882,79,1
4668,2767,99,9
4669,2242,45,6
4670,2333,74,7
4671,2632,63,10
4672,589,25,3
4673,842,40,6
4674,238,17,2
4675,1197,9,6
4676,2363,5,4
4677,666,67,7
4678,923,46,10
4679,696,43,8
4680,2659,83,7
4681,1745,16,2
4682,2651,79,6
4683,219,69,5
4684,883,88,10
4685,1087,24,8
4686,1993,60,5
4687,1085,12,6
4688,2824,76,9
4689,326,40,2
4690,2546,100,4
4691,2020,67,4
4692,406,48,5
4693,1979,90,7
4694,1777,95,1
4695,1244,35,3
4696,1979,90,7
4697,2245,56,3
4698,1596,75,7
4699,471,85,1
4700,814,49,6
4701,660,16,4
4702,608,4,4
4703,2482,59,2
4704,293,36,8
4705,2322,14,4
4706,721,6,7
4707,848,56,1
4708,1917,19,7
4709,1189,24,7
4710,537,3,10
4711,913,54,9
4712,2241,20,3
4713,1450,39,3
4714,2709,42,5
4715,755,19,1
4716,822,66,5
4717,2786,76,3
4718,1059,70,3
4719,2186,26,6
4720,1148,4,2
4721,1649,71,9
4722,1103,5,8
4723,83,67,9
4724,522,40,5
4725,1267,48,9
4726,1506,69,4
4727,497,49,2
4728,801,20,4
4729,2144,93,2
4730,2060,38,8
4731,1664,75,6
4732,1404,28,4
4733,1963,86,4
4734,484,46,8
4735,2821,1,4
4736,1355,90,3
4737,101,10,6
4738,813,89,7
4739,503,48,6
4740,2310,76,7
4741,2121,99,7
4742,577,91,3
4743,1953,3,2
4744,1132,58,8
4745,1339,19,5
4746,2266,35,4
4747,636,74,10
4748,530,94,3
4749,1357,40,6
4750,2265,29,2
4751,72,11,6
4752,1082,91,5
4753,1909,38,8
4754,2418,75,3
4755,314,93,9
4756,1613,21,7
4757,1626,51,10
4758,2099,40,8
4759,2534,1,10
4760,2225,15,6
4761,898,76,5
4762,1481,99,3
4763,2666,86,7
4764,2106,38,3
4765,270,46,2
4766,2399,5,4
4767,1585,74,3
4768,2800,56,4
4769,218,2,10
4770,2409,91,2
4771,2196,8,1
4772,2190,82,9
4773,777,61,6
4774,2601,97,7
4775,12,41,6
4776,2505,66,1
4777,1678,99,10
4778,2581,15,4
4779,1388,91,2
4780,2190,53,3
4781,865,73,8
4782,2340,43,3
4783,2166,3,5
4784,2008,21,5
4785,521,22,2
4786,100,80,6
4787,2226,80,10
4788,971,21,4
4789,2506,3,8
4790,218,72,6
4791,263,48,6
4792,927,72,2
4793,993,91,9
4794,287,70,6
4795,291,51,7
4796,2131,1,8
4797,2748,28,5
4798,1543,49,3
4799,376,16,2
4800,704,66,8
4801,1172,58,3
4802,2154,82,6
4803,1929,31,5
4804,2436,7,2
4805,1845,94,5
4806,200,2,2
4807,2312,57,9
4808,1678,26,9
4809,754,20,3
4810,74,49,9
4811,557,92,5
4812,2458,92,2
4813,2403,12,6
4814,1475,8,5
4815,880,36,9
4816,985,7,5
4817,1007,77,3
4818,1467,26,8
4819,2451,50,5
4820,475,36,1
4821,2259,52,10
4822,1539,92,6
4823,1298,27,10
4824,925,77,1
4825,2373,6,3
4826,1196,21,1
4827,2048,33,10
4828,2448,11,5
4829,1691,6,7
4830,2171,67,4
4831,344,63,6
4832,2170,3,5
4833,190,58,9
4834,765,28,3
4835,1941,55,9
4836,762,41,6
4837,1325,75,5
4838,2324,40,3
4839,1957,29,8
4840,1080,83,6
4841,262,31,6
4842,2181,59,2
4843,1616,28,7
4844,2367,30,3
4845,2331,85,3
4846,2724,24,6
4847,287,68,8
4848,1901,72,6
4849,2440,87,8
4850,653,26,4
4851,2241,96,7
4852,2006,33,4
4853,2700,72,2
4854,1683,79,9
4855,1935,83,10
4856,2258,3,2
4857,2407,87,3
4858,379,55,3
4859,2069,79,6
4860,1527,10,1
4861,1060,46,3
4862,1707,41,9
4863,1454,8,1
4864,2188,26,1
4865,582,5,4
4866,1783,26,4
4867,178,85,5
4868,1607,22,5
4869,2565,33,10
4870,649,46,10
4871,80,91,2
4872,490,17,3
4873,2125,84,6
4874,1914,63,6
4875,1295,19,1
4876,1280,85,2
4877,600,43,7
4878,602,4,7
4879,618,12,8
4880,492,70,8
4881,713,3,7
4882,1693,91,9
4883,1238,85,1
4884,1544,90,9
4885,1367,24,5
4886,2064,67,3
4887,242,83,5
4888,1546,94,4
4889,2717,100,1
4890,151,8,3
4891,1796,79,4
4892,698,28,1
4893,1593,86,8
4894,1093,72,10
4895,593,73,2
4896,1522,40,1
4897,1517,26,7
4898,2823,92,2
4899,148,31,1
4900,201,76,3
4901,2075,65,3
4902,1724,62,2
4903,2401,85,2
4904,405,20,9
4905,1985,45,10
4906,1673,4,1
4907,145,9,9
4908,2277,2,5
4909,991,20,1
4910,377,89,9
4911,1534,50,10
4912,2820,12,1
4913,822,39,8
4914,98,48,8
4915,2453,62,1
4916,68,63,9
4917,423,86,8
4918,741,54,5
4919,205,14,5
4920,50,18,3
4921,1043,57,4
4922,1695,84,4
4923,1796,17,8
4924,1592,74,9
4925,1615,58,6
4926,1402,97,4
4927,350,10,9
4928,2767,89,10
4929,1750,70,6
4930,70,80,9
4931,2420,3,1
4932,2222,92,4
4933,1623,68,5
4934,1543,81,8
4935,432,73,8
4936,2681,33,3
4937,2247,58,10
4938,191,29,4
4939,1609,9,9
4940,1884,92,4
4941,2834,82,5
4942,1860,78,4
4943,1698,3,10
4944,2510,79,3
4945,2519,64,5
4946,950,70,5
4947,209,77,10
4948,2427,99,5
4949,412,49,9
4950,2402,91,7
4951,419,94,7
4952,2794,3,6
4953,874,11,3
4954,206,33,2
4955,305,54,7
4956,1861,89,4
4957,518,89,7
4958,1360,59,2
4959,2220,66,5
4960,2252,70,7
4961,232,93,2
4962,2497,12,6
4963,1871,84,1
4964,2841,49,5
4965,2016,22,9
4966,1918,93,6
4967,1356,35,7
4968,1523,67,5
4969,2046,75,9
4970,439,15,4
4971,509,50,4
4972,2756,92,2
4973,2831,42,5
4974,42,77,10
4975,1332,75,6
4976,72,62,4
4977,1169,15,1
4978,869,69,1
4979,1907,62,3
4980,2304,45,1
4981,2834,8,7
4982,2071,71,9
4983,86,96,6
4984,1734,33,4
4985,1029,8,4
4986,1516,93,4
4987,2289,92,4
4988,1755,20,3
4989,769,52,4
4990,2507,32,10
4991,1437,23,7
4992,1510,46,7
4993,2820,71,3
4994,988,89,4
4995,122,31,10
4996,2326,24,7
4997,892,64,10
4998,2722,70,2
4999,1573,52,10
5000,2150,14,9
